ABC,100
B,100
BC,100
BCX,100
BX,100
AB,99.9286
ABCD,99.9286
ABCDX,99.9286
ABCX,99.9286
ABD,99.9286
ABDX,99.9286
ABX,99.9286
BCD,99.9286
BCDX,99.9286
BD,99.9286
BDX,99.9286
ABCDE,99.8571
ABCDEX,99.8571
ABCEX,99.8571
ABDEX,99.8571
ABEX,99.8571
BCEX,99.8571
ABCDEG,99.7857
ABCDEGX,99.7857
ABCDG,99.7857
ABCDGX,99.7857
ABCE,99.7857
ABCEG,99.7857
ABCEGX,99.7857
ABCG,99.7857
ABCGX,99.7857
ABDE,99.7857
ABDEG,99.7857
ABDEGX,99.7857
ABDG,99.7857
ABDGX,99.7857
ABE,99.7857
ABEG,99.7857
ABEGX,99.7857
ABG,99.7857
BCDE,99.7857
BCDEG,99.7857
BCDEGX,99.7857
BCDG,99.7857
BCDGX,99.7857
BCEG,99.7857
BCEGX,99.7857
BCG,99.7857
BDE,99.7857
BDEG,99.7857
BDEGX,99.7857
BDG,99.7857
BEG,99.7857
BEX,99.7857
BG,99.7857
ABGX,99.7143
BCDEGY,99.7143
BCDEGYX,99.7143
BCDEX,99.7143
BCE,99.7143
BCGX,99.7143
BDEGY,99.7143
BDEGYX,99.7143
BDEX,99.7143
BDGX,99.7143
BE,99.7143
BEGX,99.7143
BEGY,99.7143
BGX,99.7143
BCDGY,99.6429
BCDGYX,99.6429
BCEGY,99.6429
BCEGYX,99.6429
BCGY,99.6429
BCGYX,99.6429
BDGYX,99.6429
BEGYX,99.6429
BDGY,99.5714
BGY,99.5714
BGYX,99.5714
ABCEY,99.5
ABCEYX,99.4286
ABCY,99.4286
ABCYX,99.4286
ABEY,99.4286
ABDEY,99.3571
ABDEYX,99.3571
ABEYX,99.3571
ABCDEY,99.2857
ABCDEYX,99.2857
ABCDY,99.2857
ABY,99.2857
ABYX,99.2857
ABCDYX,99.2143
ABDY,99.2143
ABDYX,99.1429
ABCDGYX,99
ABDEGYX,99
ABDGY,99
ABDGYX,99
ABCDEGY,98.9286
ABCDEGYX,98.9286
ABCDGY,98.9286
ABDEGY,98.9286
BCDEY,98.8571
BCDEYX,98.7857
ABCGY,98.7143
ABCGYX,98.7143
ABEGYX,98.7143
ABGY,98.7143
ABGYX,98.7143
BCDY,98.7143
BCDYX,98.7143
ABCEGYX,98.6429
ABEGY,98.6429
ABCEGY,98.5714
BCY,98.5714
BDEY,98.5714
BCEY,98.5
BDEYX,98.5
BDY,98.5
BCEYX,98.4286
BDYX,98.4286
BEY,98.4286
BCYX,98.3571
BEYX,98.3571
BY,98.2857
BYX,98.2143
BEFG,98
ABCDEF,97.9286
BCDEF,97.9286
BCEFG,97.9286
BEFX,97.9286
ABCFX,97.8571
BCDEFG,97.8571
BCDEFX,97.8571
BCFG,97.8571
BDEFG,97.8571
BDFG,97.8571
BFG,97.8571
BFX,97.8571
ABCEF,97.7857
ABCEFX,97.7857
ABEFX,97.7857
ABFX,97.7857
BCDFG,97.7857
BCEFX,97.7857
BCF,97.7857
BCFX,97.7857
BDEFX,97.7857
BDFGX,97.7857
ABCDF,97.7143
ABCDFX,97.7143
ABDEF,97.7143
BDFX,97.7143
BEF,97.7143
BFGX,97.7143
ABCDEFX,97.6429
ABDEFX,97.6429
ABEFG,97.6429
ABFG,97.6429
BCDFGX,97.6429
BCDFX,97.6429
BCEF,97.6429
BCFGX,97.6429
BDEFGX,97.6429
BEFGX,97.6429
ABCEFG,97.5714
ABDFX,97.5714
ABF,97.5714
BCDEFGX,97.5714
BCEFGX,97.5714
BF,97.5714
ABCDEFG,97.5
ABCF,97.5
ABCFG,97.5
ABDEFG,97.5
ABDFG,97.5
BCDF,97.5
BDEF,97.5
ABCDFG,97.4286
ABDF,97.4286
ABDFGX,97.4286
ABEF,97.4286
ABCDEFGX,97.3571
ABCDFGX,97.3571
ABCEFGX,97.3571
ABCFGX,97.3571
ABDEFGX,97.3571
ABEFGX,97.3571
ABFGX,97.3571
BDF,97.3571
ABDEFGYX,97.1429
ABCDEFGYX,97.0714
ABCEFGY,97.0714
ABDEFGY,97.0714
ABEFGY,97.0714
ABCDEFGY,97
ABCDFGY,97
ABCDFGYX,97
ABDFGY,97
ABDFGYX,97
ABFGY,97
ABFGYX,97
ABCFGY,96.9286
ABEFGYX,96.9286
BCDEFGY,96.9286
BCEFGY,96.9286
BDEFGYX,96.9286
BEFGY,96.9286
ABCEFGYX,96.8571
ABCFGYX,96.8571
BCDEFGYX,96.8571
BCEFGYX,96.8571
BDEFGY,96.8571
BDFGY,96.8571
BDFGYX,96.8571
BEFGYX,96.8571
ABCDEFY,96.7857
ABDEFY,96.7857
BCDFGY,96.7857
BCDFGYX,96.7857
ABCDEFYX,96.7143
ABCDFYX,96.7143
ABDEFYX,96.7143
BCFGY,96.7143
BCFGYX,96.7143
BFGY,96.7143
BFGYX,96.7143
ABCEFY,96.6429
ABCEFYX,96.6429
ABDFYX,96.6429
ABCDFY,96.5714
ABDFY,96.5714
ABEFY,96.5714
ABEFYX,96.5714
ABCFYX,96.5
ABCFY,96.4286
BCDEFY,96.4286
ABFYX,96.3571
BCDEFYX,96.3571
BDEFY,96.3571
BDEFYX,96.3571
ABFY,96.2857
BCDFYX,96.2857
BCDFY,96.2143
BDFYX,96
BDFY,95.9286
BCEFY,95.8571
BCEFYX,95.7857
BEFY,95.5714
BEFYX,95.5714
BCFYX,95.5
BCFY,95.4286
BFY,95.2857
BFYX,95.2857
AGYX,91.6429
AEGYX,91.5714
AGY,91.5714
AEGY,91.4286
ADGY,91.2143
ADEGY,91.1429
ADEGYX,91.1429
ACGY,91.0714
CEG,91.0714
CG,91.0714
ACDGY,91
ACGYX,91
ADGYX,91
CDEG,91
DG,91
ABCDEGYXV,90.9286
ABCEGYXV,90.9286
ABCGYXV,90.9286
AG,90.9286
CDG,90.9286
DEG,90.9286
DGX,90.9286
EG,90.9286
ABCDEGYV,90.8571
ABCDEYXV,90.8571
ABCDGYV,90.8571
ABCDGYXV,90.8571
ABCDYXV,90.8571
ABCEGYV,90.8571
ABCEYXV,90.8571
ABCYXV,90.8571
ABDEGYV,90.8571
ABDEGYXV,90.8571
ABDEYXV,90.8571
ABDGYV,90.8571
ABDGYXV,90.8571
ABDYXV,90.8571
ABEGYV,90.8571
ABEGYXV,90.8571
ABEYXV,90.8571
ABGYXV,90.8571
ACEGY,90.8571
ACG,90.8571
ACGX,90.8571
BCDEGYV,90.8571
BCDEGYXV,90.8571
BCDEYXV,90.8571
BCDGYV,90.8571
BCDGYXV,90.8571
BCDYXV,90.8571
BCEGYV,90.8571
BCEGYXV,90.8571
BCEYXV,90.8571
BCGYXV,90.8571
BDEGYXV,90.8571
BDEYXV,90.8571
BDGYXV,90.8571
BDYXV,90.8571
BEGYXV,90.8571
BEYXV,90.8571
BGYXV,90.8571
CDEGX,90.8571
CDGX,90.8571
CEGX,90.8571
CGX,90.8571
DEGX,90.8571
ABCGYV,90.7857
ABGYV,90.7857
ABYXV,90.7857
ACDEG,90.7857
ACDEGX,90.7857
ACDGYX,90.7857
ACEG,90.7857
ACEGX,90.7857
ACEGYX,90.7857
ADEG,90.7857
AEG,90.7857
BCGYV,90.7857
BCYXV,90.7857
BDEGYV,90.7857
BDGYV,90.7857
BYXV,90.7857
G,90.7857
ABCDEYV,90.7143
ABCDYV,90.7143
ABCEYV,90.7143
ABDEYV,90.7143
ABEYV,90.7143
ACDEGYX,90.7143
ACDG,90.7143
ACDGX,90.7143
ADEGX,90.7143
ADG,90.7143
AEGX,90.7143
AGX,90.7143
BCDEYV,90.7143
BDEYV,90.7143
BEGYV,90.7143
BGYV,90.7143
ABCYV,90.6429
ABDYV,90.6429
ABYV,90.6429
BCDYV,90.6429
BCEYV,90.6429
BCYV,90.6429
BDYV,90.6429
BEYV,90.6429
DEGYX,90.6429
EGYX,90.6429
ACDEGY,90.5714
ADGX,90.5714
BYV,90.5714
CEGYX,90.5714
DEGY,90.5714
EGX,90.5714
GYX,90.5714
DGY,90.5
EGY,90.5
GX,90.5
GY,90.5
CGY,90.4286
CEGY,90.3571
CGYX,90.3571
DGYX,90.3571
CDGY,90.2143
CDEGY,90.1429
CDGYX,90.1429
CDEGYX,90.0714
ABCDEFGYXV,88.8571
ABCDFGYXV,88.8571
ABCEFGYXV,88.8571
ABCFGYXV,88.8571
BCDEFGYXV,88.8571
BCDFGYXV,88.8571
ABDEFGYXV,88.7857
ABDFGYXV,88.7857
ABEFGYXV,88.7857
BCEFGYXV,88.7857
BDEFGYXV,88.7857
ABFGYXV,88.7143
BCFGYXV,88.7143
BDFGYXV,88.7143
ABCDEFYXV,88.6429
BEFGYXV,88.6429
BFGYXV,88.6429
ABCDEFGYV,88.5714
ABCDFGYV,88.5714
ABCDFYXV,88.5714
ABCEFYXV,88.5714
ABDEFYXV,88.5714
BCDEFYXV,88.5714
ABCEFGYV,88.5
ABCFYXV,88.5
ABDEFGYV,88.5
ABDFYXV,88.5
ABEFYXV,88.5
AFG,88.5
BCDEFGYV,88.5
BCDFYXV,88.5
BCEFYXV,88.5
FG,88.5
ABFYXV,88.4286
ADEFG,88.4286
AEFG,88.4286
BCFYXV,88.4286
BDEFYXV,88.4286
CFG,88.4286
EFG,88.4286
ABCFGYV,88.3571
ABDFGYV,88.3571
ABEFGYV,88.3571
ABFGYV,88.3571
ACFG,88.3571
ADFG,88.3571
BCDFGYV,88.3571
BCEFGYV,88.3571
BCFGYV,88.3571
BDEFGYV,88.3571
BDFGYV,88.3571
BDFYXV,88.3571
BEFGYV,88.3571
BEFYXV,88.3571
BFGYV,88.3571
BFYXV,88.3571
ABCDEFYV,88.2857
ACDEFG,88.2857
ACEFG,88.2857
ACFGX,88.2857
AFGX,88.2857
DFG,88.2857
ABCDFYV,88.2143
ABCEFYV,88.2143
ABCFYV,88.2143
ABDEFYV,88.2143
ABDFYV,88.2143
ABEFYV,88.2143
ACDFG,88.2143
ACEFGX,88.2143
AEFGX,88.2143
BCDEFYV,88.2143
BCDFYV,88.2143
BCEFYV,88.2143
BDEFYV,88.2143
CEFG,88.2143
DEFG,88.2143
ABFYV,88.1429
BCFYV,88.1429
BDFYV,88.1429
BEFYV,88.1429
BFYV,88.1429
CDFG,88.1429
ADFGX,88.0714
CDEFG,88.0714
ADEFGX,88
ACDEFGX,87.9286
ACDFGX,87.9286
ACDEGYV,87.8571
ACDEYV,87.8571
ACDEYXV,87.8571
ACDGYV,87.8571
ACDYXV,87.8571
ACEGYV,87.8571
ACEYXV,87.8571
ACGYV,87.8571
ACYXV,87.8571
ADEGYV,87.8571
ADEYXV,87.8571
ADGYV,87.8571
ADYXV,87.8571
AEGYV,87.8571
AEYXV,87.8571
AGYV,87.8571
AYXV,87.8571
CDGYV,87.8571
CDYXV,87.8571
CEGYV,87.8571
CEYXV,87.8571
CGYV,87.8571
CYXV,87.8571
DEYXV,87.8571
DGYV,87.8571
DYXV,87.8571
EYXV,87.8571
GYV,87.8571
YXV,87.8571
ACDEGYXV,87.7857
ACDGYXV,87.7857
ACDYV,87.7857
ACEGYXV,87.7857
ACEYV,87.7857
ACGYXV,87.7857
ACYV,87.7857
ADEGYXV,87.7857
ADEYV,87.7857
ADGYXV,87.7857
ADYV,87.7857
AEGYXV,87.7857
AEYV,87.7857
AGYXV,87.7857
CDEGYV,87.7857
CDEGYXV,87.7857
CDEYV,87.7857
CDEYXV,87.7857
CDGYXV,87.7857
CDYV,87.7857
CEGYXV,87.7857
CGYXV,87.7857
DEGYV,87.7857
DEGYXV,87.7857
DGYXV,87.7857
EGYV,87.7857
EGYXV,87.7857
GYXV,87.7857
AYV,87.7143
CEYV,87.7143
CYV,87.7143
DEYV,87.7143
DYV,87.7143
EYV,87.7143
YV,87.7143
DEFGX,87.4286
CDFGX,87.3571
CEFGX,87.3571
DFGX,87.3571
EFGX,87.3571
FGX,87.3571
CDEFGX,87.2857
CFGX,87.1429
ACDEFGYXV,87
ACDFGYXV,86.9286
ACEFGYXV,86.9286
ADEFGYXV,86.9286
CDEFGYXV,86.9286
ACFGYXV,86.8571
CDFGYXV,86.8571
ACDEFGYV,86.7857
ADFGYXV,86.7857
AEFGYXV,86.7857
AFGYXV,86.7857
CEFGYXV,86.7857
CFGYXV,86.7857
DEFGYXV,86.7857
DFGYXV,86.7857
EFGYXV,86.7857
FGYXV,86.7857
ACDEFYXV,86.7143
ACDFGYV,86.7143
ACDFYXV,86.7143
ACEFYXV,86.7143
ACFGYV,86.7143
ADEFYXV,86.7143
ADFGYV,86.7143
AEFGYV,86.7143
AFGYV,86.7143
CDEFYXV,86.7143
CDFGYV,86.7143
CEFGYV,86.7143
CFGYV,86.7143
DEFGYV,86.7143
DFGYV,86.7143
EFGYV,86.7143
FGYV,86.7143
ACDEFYV,86.6429
ACDFYV,86.6429
ACEFGYV,86.6429
ACFYXV,86.6429
ADEFGYV,86.6429
ADEFYV,86.6429
CDEFGYV,86.6429
CDEFYV,86.6429
ACEFYV,86.5714
ACFYV,86.5714
ADFYV,86.5714
ADFYXV,86.5714
AEFYV,86.5714
AEFYXV,86.5714
AFYXV,86.5714
CDFYV,86.5714
CDFYXV,86.5714
CEFYV,86.5714
CEFYXV,86.5714
CFYXV,86.5714
DEFYV,86.5714
DEFYXV,86.5714
DFYXV,86.5714
EFYXV,86.5714
FYXV,86.5714
AFYV,86.5
CFYV,86.5
DFYV,86.5
EFYV,86.5
FYV,86.5
ADFGY,85.3571
ADEFGY,85.2857
ADFGYX,85.2857
ACDFGY,85.2143
ACDFGYX,85.1429
ADEFGYX,85.1429
ACFGY,85.0714
AFGY,85.0714
ACDEFGY,85
AEFGY,85
ACDEFGYX,84.9286
ACFGYX,84.9286
AFGYX,84.9286
ACEFGY,84.8571
AEFGYX,84.8571
ACEFGYX,84.7143
CDFGY,84.5714
CDEFGY,84.4286
DEFGY,84.4286
CDFGYX,84.2857
DFGY,84.2857
DFGYX,84.2143
CDEFGYX,84.0714
DEFGYX,84
CFGY,83.8571
CFGYX,83.8571
FGY,83.8571
CEFGY,83.7857
CEFGYX,83.7857
EFGY,83.7857
FGYX,83.7857
EFGYX,83.7143
ADEYX,74.7143
ADYX,74.7143
ADEY,74.4286
ADY,74.2143
ACDEFYX,74.0714
ADEFY,74.0714
ADEFYX,74.0714
ADFY,74.0714
ACDEFY,74
ACDFY,74
ACDFYX,74
ADFYX,74
ABCDEGXV,73.3571
AY,73.2857
ACEFY,73.2143
AYX,73.2143
AEFY,73.1429
AEY,73.1429
ABCEGXV,73.0714
ABDEGXV,73.0714
ACFY,73.0714
AEFYX,73.0714
BCDEGXV,73.0714
ABCDGXV,73
ACEFYX,73
AFY,73
ACFYX,72.9286
AEYX,72.9286
BDEGXV,72.8571
ABCGXV,72.7857
ABEGXV,72.7857
ACDEYX,72.7857
ACDYX,72.7857
AFYX,72.7857
BCDGXV,72.7857
BCEGXV,72.7857
ABDGXV,72.7143
BCGXV,72.6429
BDGXV,72.6429
BEGXV,72.6429
ABGXV,72.5714
ACDEGXV,72.2857
ACDEY,72.2857
ACDY,72.2857
BGXV,72.2857
ADEF,72.0714
ADEGXV,72.0714
ACDGXV,72
ACEGXV,72
CDEGXV,72
ABCDEXV,71.9286
ACGXV,71.7857
ADGXV,71.7857
AEGXV,71.7857
CDGXV,71.7857
CEGXV,71.7857
DEGXV,71.7857
ACDEF,71.7143
AGXV,71.5714
CGXV,71.5
DGXV,71.5
EGXV,71.5
ABDEXV,71.4286
ACEY,71.4286
ABCDXV,71.3571
ABCDEGV,71.2857
ABCEXV,71.2857
ACEYX,71.2857
ACY,71.2857
BCDEXV,71.2143
GXV,71.2143
ACYX,71.1429
CDEY,71.1429
ABDXV,71.0714
BCDXV,71.0714
CDEYX,71.0714
DEFY,71.0714
DEFYX,71.0714
ABCXV,71
BCEXV,71
DFY,71
ABCDGV,70.9286
ABEXV,70.9286
BDEXV,70.9286
ABCEGV,70.8571
ABCGV,70.8571
ACDF,70.8571
ADF,70.8571
BDXV,70.8571
CDEFYX,70.8571
CDFY,70.8571
ABDEGV,70.7857
BCDEGV,70.7857
CDEFY,70.7857
DFYX,70.7857
BCXV,70.7143
CDFYX,70.7143
ABDGV,70.6429
ABEGV,70.6429
ABXV,70.6429
ACDEFX,70.6429
BCDGV,70.6429
BCEGV,70.6429
BEXV,70.6429
ADEFX,70.5714
BDEGV,70.5714
ACDEXV,70.5
ABGV,70.4286
BCGV,70.4286
ABCDEFGXV,70.3571
BXV,70.3571
ACDXV,70.2857
BDGV,70.2857
BEGV,70.2857
DEY,70.2857
ACDEGV,70.2143
ACEXV,70.2143
ADEXV,70.2143
CDEXV,70.2143
EFY,70.2143
EFYX,70.2143
BGV,70.0714
CEFY,70.0714
CEFYX,70.0714
DEYX,70.0714
FY,70.0714
ABCDFGXV,70
ABCEFGXV,70
ACXV,70
ADXV,70
AEXV,70
FYX,70
ACDFX,69.9286
ACDGV,69.9286
CDXV,69.9286
ABDEFGXV,69.8571
ACEGV,69.8571
ADEGV,69.8571
ADFX,69.8571
BCDEFGXV,69.8571
CFY,69.8571
CFYX,69.8571
DEXV,69.8571
CDEGV,69.7857
CDYX,69.7857
CEXV,69.7857
ACDEFGXV,69.7143
ACGV,69.7143
AXV,69.7143
ABEFGXV,69.6429
CDY,69.6429
ABCFGXV,69.5714
ADGV,69.5714
AEGV,69.5714
CDGV,69.5714
DXV,69.5714
ABCDEV,69.5
BCEFGXV,69.5
CEGV,69.5
CXV,69.5
DEGV,69.5
EXV,69.5
ABDFGXV,69.4286
ADEFGXV,69.3571
BCDFGXV,69.3571
BDEFGXV,69.3571
ACDFGXV,69.2857
ACEFGXV,69.2857
CDEFGXV,69.2857
ABCDV,69.2143
AGV,69.2143
CGV,69.2143
DGV,69.2143
ABCEV,69.1429
ABDEV,69.1429
ABFGXV,69.1429
BCDEV,69.1429
BCFGXV,69.1429
EGV,69.1429
XV,69.1429
ABCV,69.0714
DYX,69.0714
ABDV,69
ABEV,69
BDEV,69
BDFGXV,69
BEFGXV,69
BCDV,68.9286
BCEV,68.9286
GV,68.9286
ADFGXV,68.8571
AEFGXV,68.8571
CDFGXV,68.8571
ACFGXV,68.7857
CEFGXV,68.7857
DY,68.7857
ABV,68.7143
BDV,68.7143
DEFGXV,68.7143
BCV,68.6429
BEV,68.6429
DEF,68.6429
AFGXV,68.5714
BFGXV,68.5714
EFGXV,68.5714
CFGXV,68.5
ACDEV,68.4286
BV,68.4286
DFGXV,68.4286
ADEV,68.3571
ACDV,68.2857
ACEV,68.2857
CDEV,68.2143
ABCDEFXV,68.0714
ACV,67.9286
ADV,67.9286
FGXV,67.9286
AEV,67.8571
CEYX,67.8571
DEV,67.8571
CDEF,67.7857
CEV,67.7857
ABCDEFGV,67.7143
ABCDFXV,67.7143
ABCEFXV,67.7143
ABDEFXV,67.7143
BCDEFXV,67.7143
CDV,67.7143
CV,67.6429
DV,67.6429
AV,67.5714
CEY,67.5714
EV,67.5714
ACDEFXV,67.5
ABCDFGV,67.2143
ABCEFGV,67.2143
ABCFXV,67.2143
ABDEFGV,67.2143
ABDFXV,67.2143
BCDEFGV,67.2143
BCDFXV,67.2143
BDEFXV,67.2143
ABEFXV,67.1429
BCEFXV,67.1429
ACDFXV,67.0714
ACEFXV,67.0714
ADEFXV,67.0714
V,67.0714
ACDEFGV,67
CDEFXV,67
BDFXV,66.7143
ABCFGV,66.6429
BEFXV,66.6429
DF,66.6429
ABDFGV,66.5714
ABEFGV,66.5714
ABFXV,66.5714
BCDFGV,66.5714
BCEFGV,66.5714
BCFXV,66.5714
BDEFGV,66.5714
ACDFGV,66.5
ACEFGV,66.5
ADEFGV,66.5
ADFXV,66.5
DEFX,66.5
DEFXV,66.5
ACFXV,66.4286
AEFXV,66.4286
CDEFGV,66.4286
CDFXV,66.4286
CEFXV,66.3571
ABFGV,66.2857
BCFGV,66.2857
CDF,66.2857
EYX,66.2857
ACFGV,66.2143
BEFGV,66.2143
BFXV,66.2143
AEFGV,66.1429
AFXV,66.1429
BDFGV,66.1429
CDEFX,66.1429
CEFGV,66.1429
CFXV,66.1429
EY,66.1429
ADEX,66.0714
ADFGV,66.0714
AEF,66.0714
CDFGV,66.0714
EFXV,66.0714
DEFGV,66
DFXV,66
BFGV,65.8571
ACEF,65.7857
DFX,65.7857
DFGV,65.7143
FXV,65.7143
ACDEX,65.6429
AFGV,65.6429
CFGV,65.6429
EFGV,65.6429
ABCDEFV,65.5714
CDFX,65.5
CYX,65.5
CY,65.4286
FGV,65.3571
ADE,65.2857
AEFX,65.2857
ABCDFV,65.2143
ABCEFV,65.2143
ABDEFV,65.2143
BCDEFV,65.2143
ACEFX,65.1429
ABCFV,64.9286
ABDFV,64.9286
ABEFV,64.9286
ACDE,64.9286
ACDEFV,64.9286
BCDFV,64.9286
BCEFV,64.9286
BDEFV,64.9286
ABFV,64.7857
BDFV,64.7857
BEFV,64.7857
ACDFV,64.7143
ACEFV,64.7143
ADEFV,64.7143
BCFV,64.7143
CDEFV,64.7143
CDEX,64.7143
DEFV,64.6429
ACFV,64.5714
ADFV,64.5714
AEFV,64.5714
BFV,64.5714
CDFV,64.5714
CEFV,64.5714
CFV,64.4286
DFV,64.4286
EFV,64.4286
ACDX,64.3571
AFV,64.3571
ACFX,64.2143
FV,64.1429
ACF,64.0714
AFX,64.0714
YX,63.9286
ADX,63.7143
AF,63.6429
Y,63.5
AD,61.2857
ACD,60.7143
DEX,59.7143
CEF,59.5714
EF,59.5714
CDX,59.1429
EFX,58
CEFX,57.4286
DX,56.0714
FX,55.7143
CDE,55.4286
CF,55.4286
CFX,55.3571
F,54.2857
AEX,51.2857
ACE,50.8571
AE,50.8571
ACEX,50
DE,49.6429
AX,48.2143
ACX,46.0714
CD,43.2143
CEX,43.1429
A,41.5
AC,41.5
EX,39.7857
CX,38.6429
X,36.0714
CE,33.7857
D,33.1429
E,29.2857
C,17.0714
ABCDEFGZYV,15.2857
ABCDEFZYXV,15.2857
ABCDEGZYXV,15.2857
ABCDFGZYV,15.2857
ABCDFGZYXV,15.2857
ABCDFZYXV,15.2857
ABCDGZYXV,15.2857
ABCEFGZYV,15.2857
ABCEFGZYXV,15.2857
ABCEFZYXV,15.2857
ABCEGZYXV,15.2857
ABCFGZYV,15.2857
ABCFGZYXV,15.2857
ABCFZYXV,15.2857
ABDEFGZYV,15.2857
ABDEFGZYXV,15.2857
ABDEFZYXV,15.2857
ABDEGZYXV,15.2857
ABDFGZYV,15.2857
ABDFGZYXV,15.2857
ABDFZYXV,15.2857
ABEFGZYV,15.2857
ABEFGZYXV,15.2857
ABEFZYXV,15.2857
ABFGZYXV,15.2857
ABFZYXV,15.2857
ACDEFGZYV,15.2857
ACDEFGZYXV,15.2857
ACDEFZYXV,15.2857
ACDEGZYXV,15.2857
ACDFGZYV,15.2857
ACDFGZYXV,15.2857
ACDFZYXV,15.2857
ACEFGZYV,15.2857
ACEFGZYXV,15.2857
ACEFZYXV,15.2857
ACFGZYXV,15.2857
ACFZYXV,15.2857
ADEFGZYV,15.2857
ADEFGZYXV,15.2857
ADEFZYXV,15.2857
ADFGZYXV,15.2857
ADFZYXV,15.2857
AEFGZYXV,15.2857
AEFZYXV,15.2857
AFGZYXV,15.2857
BCDEFGZYV,15.2857
BCDEFGZYXV,15.2857
BCDEFZYXV,15.2857
BCDEGZYXV,15.2857
BCDFGZYV,15.2857
BCDFGZYXV,15.2857
BCDFZYXV,15.2857
BCEFGZYV,15.2857
BCEFGZYXV,15.2857
BCEFZYXV,15.2857
BCFGZYXV,15.2857
BCFZYXV,15.2857
BDEFGZYV,15.2857
BDEFGZYXV,15.2857
BDEFZYXV,15.2857
BDFGZYXV,15.2857
BDFZYXV,15.2857
BEFGZYXV,15.2857
BEFZYXV,15.2857
BFGZYXV,15.2857
CDEFGZYV,15.2857
CDEFGZYXV,15.2857
CDEFZYXV,15.2857
CDFGZYXV,15.2857
CDFZYXV,15.2857
CEFGZYXV,15.2857
CEFZYXV,15.2857
CFGZYXV,15.2857
DEFGZYXV,15.2857
DEFZYXV,15.2857
DFGZYXV,15.2857
EFGZYXV,15.2857
FGZYXV,15.2857
ABCDEFGZYXV,15.2143
ABCDEFZYV,15.2143
ABCDEGZYV,15.2143
ABCDEZYXV,15.2143
ABCDFZYV,15.2143
ABCDGZYV,15.2143
ABCDZYXV,15.2143
ABCEFZYV,15.2143
ABCEGZYV,15.2143
ABCEZYXV,15.2143
ABCFZYV,15.2143
ABCGZYXV,15.2143
ABCZYXV,15.2143
ABDEFZYV,15.2143
ABDEGZYV,15.2143
ABDEZYXV,15.2143
ABDFZYV,15.2143
ABDGZYXV,15.2143
ABEFZYV,15.2143
ABEGZYXV,15.2143
ABEZYXV,15.2143
ABFGZYV,15.2143
ABFZYV,15.2143
ABGZYXV,15.2143
ACDEFZYV,15.2143
ACDEGZYV,15.2143
ACDEZYXV,15.2143
ACDFZYV,15.2143
ACDGZYXV,15.2143
ACEFZYV,15.2143
ACEGZYXV,15.2143
ACEZYXV,15.2143
ACFGZYV,15.2143
ACFZYV,15.2143
ACGZYXV,15.2143
ADEFZYV,15.2143
ADEGZYXV,15.2143
ADFGZYV,15.2143
ADFZYV,15.2143
ADGZYXV,15.2143
AEFGZYV,15.2143
AEFZYV,15.2143
AEGZYXV,15.2143
AFGZYV,15.2143
AFZYV,15.2143
AFZYXV,15.2143
AGZYXV,15.2143
BCDEFZYV,15.2143
BCDEGZYV,15.2143
BCDEZYXV,15.2143
BCDFZYV,15.2143
BCDGZYXV,15.2143
BCEFZYV,15.2143
BCEGZYXV,15.2143
BCEZYXV,15.2143
BCFGZYV,15.2143
BCFZYV,15.2143
BCGZYXV,15.2143
BDEFZYV,15.2143
BDEGZYXV,15.2143
BDFGZYV,15.2143
BDFZYV,15.2143
BDGZYXV,15.2143
BEFGZYV,15.2143
BEFZYV,15.2143
BEGZYXV,15.2143
BFGZYV,15.2143
BFZYV,15.2143
BFZYXV,15.2143
BGZYXV,15.2143
CDEFZYV,15.2143
CDEGZYXV,15.2143
CDFGZYV,15.2143
CDFZYV,15.2143
CDGZYXV,15.2143
CEFGZYV,15.2143
CEFZYV,15.2143
CEGZYXV,15.2143
CFGZYV,15.2143
CFZYV,15.2143
CFZYXV,15.2143
CGZYXV,15.2143
DEFGZYV,15.2143
DEFZYV,15.2143
DEGZYXV,15.2143
DFGZYV,15.2143
DFZYV,15.2143
DFZYXV,15.2143
DGZYXV,15.2143
EFGZYV,15.2143
EFZYV,15.2143
EFZYXV,15.2143
EGZYXV,15.2143
FGZYV,15.2143
FZYV,15.2143
FZYXV,15.2143
GZYXV,15.2143
ABDZYXV,15.1429
ACDZYXV,15.1429
ADEZYXV,15.1429
BCDZYXV,15.1429
BDEZYXV,15.1429
CDEZYXV,15.1429
ABCGZYV,15.0714
ABDGZYV,15.0714
ABEGZYV,15.0714
ABGZYV,15.0714
ABZYXV,15.0714
ACDGZYV,15.0714
ACEGZYV,15.0714
ACGZYV,15.0714
ACZYXV,15.0714
ADEGZYV,15.0714
ADGZYV,15.0714
ADZYXV,15.0714
AEGZYV,15.0714
AEZYXV,15.0714
BCDGZYV,15.0714
BCEGZYV,15.0714
BCZYXV,15.0714
BDEGZYV,15.0714
BDZYXV,15.0714
BEZYXV,15.0714
CDEGZYV,15.0714
CDZYXV,15.0714
CEZYXV,15.0714
DEZYXV,15.0714
ABCDEZYV,15
ABCDZYV,15
ABCEZYV,15
ABDEZYV,15
ABZYV,15
ACDEZYV,15
ACZYV,15
ADZYV,15
AEZYV,15
AGZYV,15
AZYXV,15
BCDEZYV,15
BCGZYV,15
BCZYV,15
BDGZYV,15
BDZYV,15
BEGZYV,15
BEZYV,15
BGZYV,15
BZYXV,15
CDGZYV,15
CDZYV,15
CEGZYV,15
CEZYV,15
CGZYV,15
CZYXV,15
DEGZYV,15
DEZYV,15
DGZYV,15
DZYXV,15
EGZYV,15
EZYXV,15
GZYV,15
ZYXV,15
ABCZYV,14.9286
ABDZYV,14.9286
ABEZYV,14.9286
ACDZYV,14.9286
ACEZYV,14.9286
ADEZYV,14.9286
AZYV,14.9286
BCDZYV,14.9286
BCEZYV,14.9286
BDEZYV,14.9286
BZYV,14.9286
CDEZYV,14.9286
CZYV,14.9286
DZYV,14.9286
EZYV,14.9286
ZYV,14.8571
ABCDEFGZYX,14.2857
ABCDEFZYX,14.2857
ABCDFGZYX,14.2857
ABCEFGZYX,14.2857
ABCFGZYX,14.2857
ABDEFGZYX,14.2857
ABDFGZYX,14.2857
ABEFGZYX,14.2857
ABFGZYX,14.2857
ACDEFGZYX,14.2857
ACDFGZYX,14.2857
ACEFGZYX,14.2857
ACFGZYX,14.2857
ADEFGZYX,14.2857
ADFGZYX,14.2857
AEFGZYX,14.2857
AFGZYX,14.2857
BCDEFGZYX,14.2857
BCDFGZYX,14.2857
BCEFGZYX,14.2857
BCFGZYX,14.2857
BDEFGZYX,14.2857
BDFGZYX,14.2857
BEFGZYX,14.2857
BFGZYX,14.2857
CDEFGZYX,14.2857
CDFGZYX,14.2857
CEFGZYX,14.2857
CFGZYX,14.2857
DEFGZYX,14.2857
DFGZYX,14.2857
EFGZYX,14.2857
FGZYX,14.2857
ABCDEGZYX,14.2143
ABCDGZYX,14.2143
ABCEGZYX,14.2143
ABCGZYX,14.2143
ABDEGZYX,14.2143
ABDGZYX,14.2143
ABEGZYX,14.2143
ABGZYX,14.2143
ACDEGZYX,14.2143
ACDGZYX,14.2143
ACEGZYX,14.2143
ACGZYX,14.2143
ADEGZYX,14.2143
ADGZYX,14.2143
AEGZYX,14.2143
AGZYX,14.2143
BCDEGZYX,14.2143
BCDGZYX,14.2143
BCEGZYX,14.2143
BCGZYX,14.2143
BDEGZYX,14.2143
BDGZYX,14.2143
BEGZYX,14.2143
BGZYX,14.2143
CDEGZYX,14.2143
CDGZYX,14.2143
CEGZYX,14.2143
CGZYX,14.2143
DEGZYX,14.2143
DGZYX,14.2143
EGZYX,14.2143
GZYX,14.2143
ABCDEFGZY,14.1429
ABCDEGZY,14.1429
ABCDEZYX,14.1429
ABCDFGZY,14.1429
ABCDFZYX,14.1429
ABCDGZY,14.1429
ABCDZYX,14.1429
ABCEFGZY,14.1429
ABCEFZYX,14.1429
ABCEGZY,14.1429
ABCEZYX,14.1429
ABCFGZY,14.1429
ABCFZYX,14.1429
ABCGZY,14.1429
ABCZYX,14.1429
ABDEFGZY,14.1429
ABDEFZYX,14.1429
ABDEGZY,14.1429
ABDEZYX,14.1429
ABDFGZY,14.1429
ABDFZYX,14.1429
ABDGZY,14.1429
ABDZYX,14.1429
ABEFGZY,14.1429
ABEFZYX,14.1429
ABEGZY,14.1429
ABEZYX,14.1429
ABFGZY,14.1429
ABFZYX,14.1429
ABZYX,14.1429
ACDEFGZY,14.1429
ACDEFZYX,14.1429
ACDEGZY,14.1429
ACDEZYX,14.1429
ACDFGZY,14.1429
ACDFZYX,14.1429
ACDGZY,14.1429
ACDZYX,14.1429
ACEFGZY,14.1429
ACEFZYX,14.1429
ACEGZY,14.1429
ACEZYX,14.1429
ACFGZY,14.1429
ACFZYX,14.1429
ACZYX,14.1429
ADEFGZY,14.1429
ADEFZYX,14.1429
ADEGZY,14.1429
ADEZYX,14.1429
ADFGZY,14.1429
ADFZYX,14.1429
ADZYX,14.1429
AEFGZY,14.1429
AEFZYX,14.1429
AEZYX,14.1429
AFZYX,14.1429
AZY,14.1429
BCDEFGZY,14.1429
BCDEFZYX,14.1429
BCDEGZY,14.1429
BCDEZYX,14.1429
BCDFGZY,14.1429
BCDFZYX,14.1429
BCDGZY,14.1429
BCDZYX,14.1429
BCEFGZY,14.1429
BCEFZYX,14.1429
BCEGZY,14.1429
BCEZYX,14.1429
BCFGZY,14.1429
BCFZYX,14.1429
BCZYX,14.1429
BDEFGZY,14.1429
BDEFZYX,14.1429
BDEGZY,14.1429
BDEZYX,14.1429
BDFGZY,14.1429
BDFZYX,14.1429
BDZYX,14.1429
BEFGZY,14.1429
BEFZYX,14.1429
BEZYX,14.1429
BFZYX,14.1429
BZY,14.1429
CDEFGZY,14.1429
CDEFZYX,14.1429
CDEGZY,14.1429
CDEZYX,14.1429
CDFGZY,14.1429
CDFZYX,14.1429
CDZYX,14.1429
CEFGZY,14.1429
CEFZYX,14.1429
CEZYX,14.1429
CFZYX,14.1429
CZY,14.1429
DEFGZY,14.1429
DEFZYX,14.1429
DEZYX,14.1429
DFZYX,14.1429
DZY,14.1429
EFZYX,14.1429
EZY,14.1429
ABCDEFZY,14.0714
ABCDEZY,14.0714
ABCDZY,14.0714
ABCEZY,14.0714
ABCZY,14.0714
ABDEZY,14.0714
ABDZY,14.0714
ABEZY,14.0714
ABGZY,14.0714
ABZY,14.0714
ACDEZY,14.0714
ACDZY,14.0714
ACEZY,14.0714
ACGZY,14.0714
ACZY,14.0714
ADEZY,14.0714
ADGZY,14.0714
ADZY,14.0714
AEGZY,14.0714
AEZY,14.0714
AFGZY,14.0714
AGZY,14.0714
AZYX,14.0714
BCDEZY,14.0714
BCDZY,14.0714
BCEZY,14.0714
BCGZY,14.0714
BCZY,14.0714
BDEZY,14.0714
BDGZY,14.0714
BDZY,14.0714
BEGZY,14.0714
BEZY,14.0714
BFGZY,14.0714
BGZY,14.0714
BZYX,14.0714
CDEZY,14.0714
CDGZY,14.0714
CDZY,14.0714
CEGZY,14.0714
CEZY,14.0714
CFGZY,14.0714
CGZY,14.0714
CZYX,14.0714
DEGZY,14.0714
DEZY,14.0714
DFGZY,14.0714
DGZY,14.0714
DZYX,14.0714
EFGZY,14.0714
EGZY,14.0714
EZYX,14.0714
FGZY,14.0714
FZYX,14.0714
GZY,14.0714
ZY,14.0714
ZYX,14.0714
ABCDFZY,13.9286
ABCEFZY,13.9286
ABCFZY,13.9286
ABDEFZY,13.9286
ABDFZY,13.9286
ABEFZY,13.9286
ABFZY,13.9286
ACDEFZY,13.9286
ACDFZY,13.9286
ACEFZY,13.9286
ACFZY,13.9286
ADEFZY,13.9286
ADFZY,13.9286
AEFZY,13.9286
AFZY,13.9286
BCDEFZY,13.9286
BCDFZY,13.9286
BCEFZY,13.9286
BCFZY,13.9286
BDEFZY,13.9286
BDFZY,13.9286
BEFZY,13.9286
BFZY,13.9286
CDEFZY,13.9286
CDFZY,13.9286
CEFZY,13.9286
CFZY,13.9286
DEFZY,13.9286
DFZY,13.9286
EFZY,13.9286
FZY,13.7857
ABCDEGZXV,11.7857
ABCDGZXV,11.7857
ABCEGZXV,11.7857
ABCGZXV,11.7857
ABDEGZXV,11.7857
ABDGZXV,11.7857
ABEGZXV,11.7857
ABGZXV,11.7857
ACDEGZXV,11.7857
ACDGZXV,11.7857
ACEGZXV,11.7857
ACGZXV,11.7857
ADEGZXV,11.7857
ADGZXV,11.7857
AEGZXV,11.7857
AGZXV,11.7857
BCDEGZXV,11.7857
BCDGZXV,11.7857
BCEGZXV,11.7857
BCGZXV,11.7857
BDEGZXV,11.7857
BDGZXV,11.7857
BEGZXV,11.7857
BGZXV,11.7857
CDEGZXV,11.7857
CDGZXV,11.7857
CEGZXV,11.7857
CGZXV,11.7857
DEGZXV,11.7857
DGZXV,11.7857
EGZXV,11.7857
ABCDEGZV,11.7143
ABCDEZXV,11.7143
ABCDZXV,11.7143
ABCEZXV,11.7143
ABDEZXV,11.7143
ACDEZXV,11.7143
BCDEZXV,11.7143
GZXV,11.7143
ABCDEFGZXV,11.6429
ABCDEFZXV,11.6429
ABCDEZV,11.6429
ABCDFGZXV,11.6429
ABCDGZV,11.6429
ABCDZV,11.6429
ABCEFGZXV,11.6429
ABCEGZV,11.6429
ABCEZV,11.6429
ABCFGZXV,11.6429
ABCGZV,11.6429
ABCZV,11.6429
ABCZXV,11.6429
ABDEFGZXV,11.6429
ABDEGZV,11.6429
ABDEZV,11.6429
ABDFGZXV,11.6429
ABDGZV,11.6429
ABDZV,11.6429
ABDZXV,11.6429
ABEFGZXV,11.6429
ABEGZV,11.6429
ABEZV,11.6429
ABEZXV,11.6429
ABFGZXV,11.6429
ABGZV,11.6429
ABZV,11.6429
ABZXV,11.6429
ACDEFGZXV,11.6429
ACDEGZV,11.6429
ACDEZV,11.6429
ACDFGZXV,11.6429
ACDGZV,11.6429
ACDZV,11.6429
ACDZXV,11.6429
ACEFGZXV,11.6429
ACEGZV,11.6429
ACEZV,11.6429
ACEZXV,11.6429
ACFGZXV,11.6429
ACGZV,11.6429
ACZV,11.6429
ACZXV,11.6429
ADEFGZXV,11.6429
ADEGZV,11.6429
ADEZV,11.6429
ADEZXV,11.6429
ADFGZXV,11.6429
ADGZV,11.6429
ADZV,11.6429
ADZXV,11.6429
AEFGZXV,11.6429
AEGZV,11.6429
AEZV,11.6429
AEZXV,11.6429
AFGZXV,11.6429
AGZV,11.6429
AZV,11.6429
AZXV,11.6429
BCDEFGZXV,11.6429
BCDEGZV,11.6429
BCDEZV,11.6429
BCDFGZXV,11.6429
BCDGZV,11.6429
BCDZV,11.6429
BCDZXV,11.6429
BCEFGZXV,11.6429
BCEGZV,11.6429
BCEZV,11.6429
BCEZXV,11.6429
BCFGZXV,11.6429
BCGZV,11.6429
BCZV,11.6429
BCZXV,11.6429
BDEFGZXV,11.6429
BDEGZV,11.6429
BDEZV,11.6429
BDEZXV,11.6429
BDFGZXV,11.6429
BDGZV,11.6429
BDZV,11.6429
BDZXV,11.6429
BEFGZXV,11.6429
BEGZV,11.6429
BEZV,11.6429
BEZXV,11.6429
BFGZXV,11.6429
BGZV,11.6429
BZV,11.6429
BZXV,11.6429
CDEFGZXV,11.6429
CDEGZV,11.6429
CDEZV,11.6429
CDEZXV,11.6429
CDFGZXV,11.6429
CDGZV,11.6429
CDZV,11.6429
CDZXV,11.6429
CEFGZXV,11.6429
CEGZV,11.6429
CEZV,11.6429
CEZXV,11.6429
CFGZXV,11.6429
CGZV,11.6429
CZV,11.6429
CZXV,11.6429
DEFGZXV,11.6429
DEGZV,11.6429
DEZV,11.6429
DEZXV,11.6429
DFGZXV,11.6429
DGZV,11.6429
DZV,11.6429
DZXV,11.6429
EFGZXV,11.6429
EGZV,11.6429
EZV,11.6429
EZXV,11.6429
FGZXV,11.6429
GZV,11.6429
ZV,11.6429
ZXV,11.6429
ABCDEFGZV,11.5714
ABCDFGZV,11.5714
ABCDFZXV,11.5714
ABCEFGZV,11.5714
ABCEFZXV,11.5714
ABCFZXV,11.5714
ABDEFGZV,11.5714
ABDEFZXV,11.5714
ABDFZXV,11.5714
ABEFZXV,11.5714
ACDEFGZV,11.5714
ACDEFZXV,11.5714
ACDFZXV,11.5714
ACEFZXV,11.5714
ADEFZXV,11.5714
BCDEFGZV,11.5714
BCDEFZXV,11.5714
BCDFZXV,11.5714
BCEFZXV,11.5714
BDEFZXV,11.5714
CDEFZXV,11.5714
ABCDEFZV,11.5
ABCDFZV,11.5
ABCEFZV,11.5
ABCFGZV,11.5
ABCFZV,11.5
ABDEFZV,11.5
ABDFGZV,11.5
ABDFZV,11.5
ABEFGZV,11.5
ABEFZV,11.5
ABFGZV,11.5
ABFZV,11.5
ABFZXV,11.5
ACDEFZV,11.5
ACDFGZV,11.5
ACDFZV,11.5
ACEFGZV,11.5
ACEFZV,11.5
ACFGZV,11.5
ACFZV,11.5
ACFZXV,11.5
ADEFGZV,11.5
ADEFZV,11.5
ADFGZV,11.5
ADFZV,11.5
ADFZXV,11.5
AEFGZV,11.5
AEFZV,11.5
AEFZXV,11.5
AFGZV,11.5
AFZV,11.5
AFZXV,11.5
BCDEFZV,11.5
BCDFGZV,11.5
BCDFZV,11.5
BCEFGZV,11.5
BCEFZV,11.5
BCFGZV,11.5
BCFZV,11.5
BCFZXV,11.5
BDEFGZV,11.5
BDEFZV,11.5
BDFGZV,11.5
BDFZV,11.5
BDFZXV,11.5
BEFGZV,11.5
BEFZV,11.5
BEFZXV,11.5
BFGZV,11.5
BFZV,11.5
BFZXV,11.5
CDEFGZV,11.5
CDEFZV,11.5
CDFGZV,11.5
CDFZV,11.5
CDFZXV,11.5
CEFGZV,11.5
CEFZV,11.5
CEFZXV,11.5
CFGZV,11.5
CFZV,11.5
CFZXV,11.5
DEFGZV,11.5
DEFZV,11.5
DEFZXV,11.5
DFGZV,11.5
DFZV,11.5
DFZXV,11.5
EFGZV,11.5
EFZV,11.5
EFZXV,11.5
FGZV,11.5
FZV,11.5
FZXV,11.5
ABCDEGZ,11.3571
ABCDEGZX,11.3571
ABCDEZ,11.3571
ABCDEZX,11.3571
ABCDGZ,11.3571
ABCDGZX,11.3571
ABCDZ,11.3571
ABCDZX,11.3571
ABCEGZ,11.3571
ABCEGZX,11.3571
ABCEZ,11.3571
ABCEZX,11.3571
ABCGZ,11.3571
ABCGZX,11.3571
ABCZ,11.3571
ABCZX,11.3571
ABDEGZ,11.3571
ABDEGZX,11.3571
ABDEZ,11.3571
ABDEZX,11.3571
ABDGZ,11.3571
ABDGZX,11.3571
ABDZ,11.3571
ABDZX,11.3571
ABEGZ,11.3571
ABEGZX,11.3571
ABEZ,11.3571
ABEZX,11.3571
ABGZ,11.3571
ABGZX,11.3571
ABZ,11.3571
ABZX,11.3571
ACDEGZ,11.3571
ACDEGZX,11.3571
ACDEZ,11.3571
ACDEZX,11.3571
ACDGZ,11.3571
ACDGZX,11.3571
ACDZ,11.3571
ACDZX,11.3571
ACEGZ,11.3571
ACEGZX,11.3571
ACEZ,11.3571
ACEZX,11.3571
ACGZ,11.3571
ACGZX,11.3571
ACZ,11.3571
ACZX,11.3571
ADEGZ,11.3571
ADEGZX,11.3571
ADEZ,11.3571
ADEZX,11.3571
ADGZ,11.3571
ADGZX,11.3571
ADZ,11.3571
ADZX,11.3571
AEGZ,11.3571
AEGZX,11.3571
AEZ,11.3571
AEZX,11.3571
AGZ,11.3571
AGZX,11.3571
AZ,11.3571
AZX,11.3571
BCDEGZ,11.3571
BCDEGZX,11.3571
BCDEZ,11.3571
BCDEZX,11.3571
BCDGZ,11.3571
BCDGZX,11.3571
BCDZ,11.3571
BCDZX,11.3571
BCEGZ,11.3571
BCEGZX,11.3571
BCEZ,11.3571
BCEZX,11.3571
BCGZ,11.3571
BCGZX,11.3571
BCZ,11.3571
BCZX,11.3571
BDEGZ,11.3571
BDEGZX,11.3571
BDEZ,11.3571
BDEZX,11.3571
BDGZ,11.3571
BDGZX,11.3571
BDZ,11.3571
BDZX,11.3571
BEGZ,11.3571
BEGZX,11.3571
BEZ,11.3571
BEZX,11.3571
BGZ,11.3571
BGZX,11.3571
BZ,11.3571
BZX,11.3571
CDEGZ,11.3571
CDEGZX,11.3571
CDEZ,11.3571
CDEZX,11.3571
CDGZ,11.3571
CDGZX,11.3571
CDZ,11.3571
CDZX,11.3571
CEGZ,11.3571
CEGZX,11.3571
CEZ,11.3571
CEZX,11.3571
CGZ,11.3571
CGZX,11.3571
CZ,11.3571
CZX,11.3571
DEGZ,11.3571
DEGZX,11.3571
DEZ,11.3571
DEZX,11.3571
DGZ,11.3571
DGZX,11.3571
DZ,11.3571
DZX,11.3571
EGZ,11.3571
EGZX,11.3571
EZ,11.3571
EZX,11.3571
GZ,11.3571
GZX,11.3571
Z,11.3571
ZX,11.3571
ABCDEFGZ,11.2857
ABCDEFGZX,11.2857
ABCDEFZ,11.2857
ABCDEFZX,11.2857
ABCDFGZ,11.2857
ABCDFGZX,11.2857
ABCDFZ,11.2857
ABCDFZX,11.2857
ABCEFGZ,11.2857
ABCEFGZX,11.2857
ABCEFZ,11.2857
ABCEFZX,11.2857
ABCFGZ,11.2857
ABCFGZX,11.2857
ABCFZ,11.2857
ABCFZX,11.2857
ABDEFGZ,11.2857
ABDEFGZX,11.2857
ABDEFZ,11.2857
ABDEFZX,11.2857
ABDFGZ,11.2857
ABDFGZX,11.2857
ABDFZ,11.2857
ABDFZX,11.2857
ABEFGZ,11.2857
ABEFGZX,11.2857
ABEFZ,11.2857
ABEFZX,11.2857
ABFGZ,11.2857
ABFGZX,11.2857
ABFZ,11.2857
ABFZX,11.2857
ACDEFGZ,11.2857
ACDEFGZX,11.2857
ACDEFZ,11.2857
ACDEFZX,11.2857
ACDFGZ,11.2857
ACDFGZX,11.2857
ACDFZ,11.2857
ACDFZX,11.2857
ACEFGZ,11.2857
ACEFGZX,11.2857
ACEFZ,11.2857
ACEFZX,11.2857
ACFGZ,11.2857
ACFGZX,11.2857
ACFZ,11.2857
ACFZX,11.2857
ADEFGZ,11.2857
ADEFGZX,11.2857
ADEFZ,11.2857
ADEFZX,11.2857
ADFGZ,11.2857
ADFGZX,11.2857
ADFZ,11.2857
ADFZX,11.2857
AEFGZ,11.2857
AEFGZX,11.2857
AEFZ,11.2857
AEFZX,11.2857
AFGZ,11.2857
AFGZX,11.2857
AFZ,11.2857
AFZX,11.2857
BCDEFGZ,11.2857
BCDEFGZX,11.2857
BCDEFZ,11.2857
BCDEFZX,11.2857
BCDFGZ,11.2857
BCDFGZX,11.2857
BCDFZ,11.2857
BCDFZX,11.2857
BCEFGZ,11.2857
BCEFGZX,11.2857
BCEFZ,11.2857
BCEFZX,11.2857
BCFGZ,11.2857
BCFGZX,11.2857
BCFZ,11.2857
BCFZX,11.2857
BDEFGZ,11.2857
BDEFGZX,11.2857
BDEFZ,11.2857
BDEFZX,11.2857
BDFGZ,11.2857
BDFGZX,11.2857
BDFZ,11.2857
BDFZX,11.2857
BEFGZ,11.2857
BEFGZX,11.2857
BEFZ,11.2857
BEFZX,11.2857
BFGZ,11.2857
BFGZX,11.2857
BFZ,11.2857
BFZX,11.2857
CDEFGZ,11.2857
CDEFGZX,11.2857
CDEFZ,11.2857
CDEFZX,11.2857
CDFGZ,11.2857
CDFGZX,11.2857
CDFZ,11.2857
CDFZX,11.2857
CEFGZ,11.2857
CEFGZX,11.2857
CEFZ,11.2857
CEFZX,11.2857
CFGZ,11.2857
CFGZX,11.2857
CFZ,11.2857
CFZX,11.2857
DEFGZ,11.2857
DEFGZX,11.2857
DEFZ,11.2857
DEFZX,11.2857
DFGZ,11.2857
DFGZX,11.2857
DFZ,11.2857
DFZX,11.2857
EFGZ,11.2857
EFGZX,11.2857
EFZ,11.2857
EFZX,11.2857
FGZ,11.2857
FGZX,11.2857
FZ,11.2857
FZX,11.2857
ABCDEFGW,10
ABCDEFGWV,10
ABCDEFGXW,10
ABCDEFGXWV,10
ABCDEFGYW,10
ABCDEFGYWV,10
ABCDEFGYXW,10
ABCDEFGYXWV,10
ABCDEFGZW,10
ABCDEFGZWV,10
ABCDEFGZXW,10
ABCDEFGZXWV,10
ABCDEFGZYW,10
ABCDEFGZYWV,10
ABCDEFGZYXW,10
ABCDEFGZYXWV,10
ABCDEFW,10
ABCDEFWV,10
ABCDEFXW,10
ABCDEFXWV,10
ABCDEFYW,10
ABCDEFYWV,10
ABCDEFYXW,10
ABCDEFYXWV,10
ABCDEFZW,10
ABCDEFZWV,10
ABCDEFZXW,10
ABCDEFZXWV,10
ABCDEFZYW,10
ABCDEFZYWV,10
ABCDEFZYXW,10
ABCDEFZYXWV,10
ABCDEGW,10
ABCDEGWV,10
ABCDEGXW,10
ABCDEGXWV,10
ABCDEGYW,10
ABCDEGYWV,10
ABCDEGYXW,10
ABCDEGYXWV,10
ABCDEGZW,10
ABCDEGZWV,10
ABCDEGZXW,10
ABCDEGZXWV,10
ABCDEGZYW,10
ABCDEGZYWV,10
ABCDEGZYXW,10
ABCDEGZYXWV,10
ABCDEW,10
ABCDEWV,10
ABCDEXW,10
ABCDEXWV,10
ABCDEYW,10
ABCDEYWV,10
ABCDEYXW,10
ABCDEYXWV,10
ABCDEZW,10
ABCDEZWV,10
ABCDEZXW,10
ABCDEZXWV,10
ABCDEZYW,10
ABCDEZYWV,10
ABCDEZYXW,10
ABCDEZYXWV,10
ABCDFGW,10
ABCDFGWV,10
ABCDFGXW,10
ABCDFGXWV,10
ABCDFGYW,10
ABCDFGYWV,10
ABCDFGYXW,10
ABCDFGYXWV,10
ABCDFGZW,10
ABCDFGZWV,10
ABCDFGZXW,10
ABCDFGZXWV,10
ABCDFGZYW,10
ABCDFGZYWV,10
ABCDFGZYXW,10
ABCDFGZYXWV,10
ABCDFW,10
ABCDFWV,10
ABCDFXW,10
ABCDFXWV,10
ABCDFYW,10
ABCDFYWV,10
ABCDFYXW,10
ABCDFYXWV,10
ABCDFZW,10
ABCDFZWV,10
ABCDFZXW,10
ABCDFZXWV,10
ABCDFZYW,10
ABCDFZYWV,10
ABCDFZYXW,10
ABCDFZYXWV,10
ABCDGW,10
ABCDGWV,10
ABCDGXW,10
ABCDGXWV,10
ABCDGYW,10
ABCDGYWV,10
ABCDGYXW,10
ABCDGYXWV,10
ABCDGZW,10
ABCDGZWV,10
ABCDGZXW,10
ABCDGZXWV,10
ABCDGZYW,10
ABCDGZYWV,10
ABCDGZYXW,10
ABCDGZYXWV,10
ABCDW,10
ABCDWV,10
ABCDXW,10
ABCDXWV,10
ABCDYW,10
ABCDYWV,10
ABCDYXW,10
ABCDYXWV,10
ABCDZW,10
ABCDZWV,10
ABCDZXW,10
ABCDZXWV,10
ABCDZYW,10
ABCDZYWV,10
ABCDZYXW,10
ABCDZYXWV,10
ABCEFGW,10
ABCEFGWV,10
ABCEFGXW,10
ABCEFGXWV,10
ABCEFGYW,10
ABCEFGYWV,10
ABCEFGYXW,10
ABCEFGYXWV,10
ABCEFGZW,10
ABCEFGZWV,10
ABCEFGZXW,10
ABCEFGZXWV,10
ABCEFGZYW,10
ABCEFGZYWV,10
ABCEFGZYXW,10
ABCEFGZYXWV,10
ABCEFW,10
ABCEFWV,10
ABCEFXW,10
ABCEFXWV,10
ABCEFYW,10
ABCEFYWV,10
ABCEFYXW,10
ABCEFYXWV,10
ABCEFZW,10
ABCEFZWV,10
ABCEFZXW,10
ABCEFZXWV,10
ABCEFZYW,10
ABCEFZYWV,10
ABCEFZYXW,10
ABCEFZYXWV,10
ABCEGW,10
ABCEGWV,10
ABCEGXW,10
ABCEGXWV,10
ABCEGYW,10
ABCEGYWV,10
ABCEGYXW,10
ABCEGYXWV,10
ABCEGZW,10
ABCEGZWV,10
ABCEGZXW,10
ABCEGZXWV,10
ABCEGZYW,10
ABCEGZYWV,10
ABCEGZYXW,10
ABCEGZYXWV,10
ABCEW,10
ABCEWV,10
ABCEXW,10
ABCEXWV,10
ABCEYW,10
ABCEYWV,10
ABCEYXW,10
ABCEYXWV,10
ABCEZW,10
ABCEZWV,10
ABCEZXW,10
ABCEZXWV,10
ABCEZYW,10
ABCEZYWV,10
ABCEZYXW,10
ABCEZYXWV,10
ABCFGW,10
ABCFGWV,10
ABCFGXW,10
ABCFGXWV,10
ABCFGYW,10
ABCFGYWV,10
ABCFGYXW,10
ABCFGYXWV,10
ABCFGZW,10
ABCFGZWV,10
ABCFGZXW,10
ABCFGZXWV,10
ABCFGZYW,10
ABCFGZYWV,10
ABCFGZYXW,10
ABCFGZYXWV,10
ABCFW,10
ABCFWV,10
ABCFXW,10
ABCFXWV,10
ABCFYW,10
ABCFYWV,10
ABCFYXW,10
ABCFYXWV,10
ABCFZW,10
ABCFZWV,10
ABCFZXW,10
ABCFZXWV,10
ABCFZYW,10
ABCFZYWV,10
ABCFZYXW,10
ABCFZYXWV,10
ABCGW,10
ABCGWV,10
ABCGXW,10
ABCGXWV,10
ABCGYW,10
ABCGYWV,10
ABCGYXW,10
ABCGYXWV,10
ABCGZW,10
ABCGZWV,10
ABCGZXW,10
ABCGZXWV,10
ABCGZYW,10
ABCGZYWV,10
ABCGZYXW,10
ABCGZYXWV,10
ABCW,10
ABCWV,10
ABCXW,10
ABCXWV,10
ABCYW,10
ABCYWV,10
ABCYXW,10
ABCYXWV,10
ABCZW,10
ABCZWV,10
ABCZXW,10
ABCZXWV,10
ABCZYW,10
ABCZYWV,10
ABCZYXW,10
ABCZYXWV,10
ABDEFGW,10
ABDEFGWV,10
ABDEFGXW,10
ABDEFGXWV,10
ABDEFGYW,10
ABDEFGYWV,10
ABDEFGYXW,10
ABDEFGYXWV,10
ABDEFGZW,10
ABDEFGZWV,10
ABDEFGZXW,10
ABDEFGZXWV,10
ABDEFGZYW,10
ABDEFGZYWV,10
ABDEFGZYXW,10
ABDEFGZYXWV,10
ABDEFW,10
ABDEFWV,10
ABDEFXW,10
ABDEFXWV,10
ABDEFYW,10
ABDEFYWV,10
ABDEFYXW,10
ABDEFYXWV,10
ABDEFZW,10
ABDEFZWV,10
ABDEFZXW,10
ABDEFZXWV,10
ABDEFZYW,10
ABDEFZYWV,10
ABDEFZYXW,10
ABDEFZYXWV,10
ABDEGW,10
ABDEGWV,10
ABDEGXW,10
ABDEGXWV,10
ABDEGYW,10
ABDEGYWV,10
ABDEGYXW,10
ABDEGYXWV,10
ABDEGZW,10
ABDEGZWV,10
ABDEGZXW,10
ABDEGZXWV,10
ABDEGZYW,10
ABDEGZYWV,10
ABDEGZYXW,10
ABDEGZYXWV,10
ABDEW,10
ABDEWV,10
ABDEXW,10
ABDEXWV,10
ABDEYW,10
ABDEYWV,10
ABDEYXW,10
ABDEYXWV,10
ABDEZW,10
ABDEZWV,10
ABDEZXW,10
ABDEZXWV,10
ABDEZYW,10
ABDEZYWV,10
ABDEZYXW,10
ABDEZYXWV,10
ABDFGW,10
ABDFGWV,10
ABDFGXW,10
ABDFGXWV,10
ABDFGYW,10
ABDFGYWV,10
ABDFGYXW,10
ABDFGYXWV,10
ABDFGZW,10
ABDFGZWV,10
ABDFGZXW,10
ABDFGZXWV,10
ABDFGZYW,10
ABDFGZYWV,10
ABDFGZYXW,10
ABDFGZYXWV,10
ABDFW,10
ABDFWV,10
ABDFXW,10
ABDFXWV,10
ABDFYW,10
ABDFYWV,10
ABDFYXW,10
ABDFYXWV,10
ABDFZW,10
ABDFZWV,10
ABDFZXW,10
ABDFZXWV,10
ABDFZYW,10
ABDFZYWV,10
ABDFZYXW,10
ABDFZYXWV,10
ABDGW,10
ABDGWV,10
ABDGXW,10
ABDGXWV,10
ABDGYW,10
ABDGYWV,10
ABDGYXW,10
ABDGYXWV,10
ABDGZW,10
ABDGZWV,10
ABDGZXW,10
ABDGZXWV,10
ABDGZYW,10
ABDGZYWV,10
ABDGZYXW,10
ABDGZYXWV,10
ABDW,10
ABDWV,10
ABDXW,10
ABDXWV,10
ABDYW,10
ABDYWV,10
ABDYXW,10
ABDYXWV,10
ABDZW,10
ABDZWV,10
ABDZXW,10
ABDZXWV,10
ABDZYW,10
ABDZYWV,10
ABDZYXW,10
ABDZYXWV,10
ABEFGW,10
ABEFGWV,10
ABEFGXW,10
ABEFGXWV,10
ABEFGYW,10
ABEFGYWV,10
ABEFGYXW,10
ABEFGYXWV,10
ABEFGZW,10
ABEFGZWV,10
ABEFGZXW,10
ABEFGZXWV,10
ABEFGZYW,10
ABEFGZYWV,10
ABEFGZYXW,10
ABEFGZYXWV,10
ABEFW,10
ABEFWV,10
ABEFXW,10
ABEFXWV,10
ABEFYW,10
ABEFYWV,10
ABEFYXW,10
ABEFYXWV,10
ABEFZW,10
ABEFZWV,10
ABEFZXW,10
ABEFZXWV,10
ABEFZYW,10
ABEFZYWV,10
ABEFZYXW,10
ABEFZYXWV,10
ABEGW,10
ABEGWV,10
ABEGXW,10
ABEGXWV,10
ABEGYW,10
ABEGYWV,10
ABEGYXW,10
ABEGYXWV,10
ABEGZW,10
ABEGZWV,10
ABEGZXW,10
ABEGZXWV,10
ABEGZYW,10
ABEGZYWV,10
ABEGZYXW,10
ABEGZYXWV,10
ABEW,10
ABEWV,10
ABEXW,10
ABEXWV,10
ABEYW,10
ABEYWV,10
ABEYXW,10
ABEYXWV,10
ABEZW,10
ABEZWV,10
ABEZXW,10
ABEZXWV,10
ABEZYW,10
ABEZYWV,10
ABEZYXW,10
ABEZYXWV,10
ABFGW,10
ABFGWV,10
ABFGXW,10
ABFGXWV,10
ABFGYW,10
ABFGYWV,10
ABFGYXW,10
ABFGYXWV,10
ABFGZW,10
ABFGZWV,10
ABFGZXW,10
ABFGZXWV,10
ABFGZYW,10
ABFGZYWV,10
ABFGZYXW,10
ABFGZYXWV,10
ABFW,10
ABFWV,10
ABFXW,10
ABFXWV,10
ABFYW,10
ABFYWV,10
ABFYXW,10
ABFYXWV,10
ABFZW,10
ABFZWV,10
ABFZXW,10
ABFZXWV,10
ABFZYW,10
ABFZYWV,10
ABFZYXW,10
ABFZYXWV,10
ABGW,10
ABGWV,10
ABGXW,10
ABGXWV,10
ABGYW,10
ABGYWV,10
ABGYXW,10
ABGYXWV,10
ABGZW,10
ABGZWV,10
ABGZXW,10
ABGZXWV,10
ABGZYW,10
ABGZYWV,10
ABGZYXW,10
ABGZYXWV,10
ABW,10
ABWV,10
ABXW,10
ABXWV,10
ABYW,10
ABYWV,10
ABYXW,10
ABYXWV,10
ABZW,10
ABZWV,10
ABZXW,10
ABZXWV,10
ABZYW,10
ABZYWV,10
ABZYXW,10
ABZYXWV,10
ACDEFGW,10
ACDEFGWV,10
ACDEFGXW,10
ACDEFGXWV,10
ACDEFGYW,10
ACDEFGYWV,10
ACDEFGYXW,10
ACDEFGYXWV,10
ACDEFGZW,10
ACDEFGZWV,10
ACDEFGZXW,10
ACDEFGZXWV,10
ACDEFGZYW,10
ACDEFGZYWV,10
ACDEFGZYXW,10
ACDEFGZYXWV,10
ACDEFW,10
ACDEFWV,10
ACDEFXW,10
ACDEFXWV,10
ACDEFYW,10
ACDEFYWV,10
ACDEFYXW,10
ACDEFYXWV,10
ACDEFZW,10
ACDEFZWV,10
ACDEFZXW,10
ACDEFZXWV,10
ACDEFZYW,10
ACDEFZYWV,10
ACDEFZYXW,10
ACDEFZYXWV,10
ACDEGW,10
ACDEGWV,10
ACDEGXW,10
ACDEGXWV,10
ACDEGYW,10
ACDEGYWV,10
ACDEGYXW,10
ACDEGYXWV,10
ACDEGZW,10
ACDEGZWV,10
ACDEGZXW,10
ACDEGZXWV,10
ACDEGZYW,10
ACDEGZYWV,10
ACDEGZYXW,10
ACDEGZYXWV,10
ACDEW,10
ACDEWV,10
ACDEXW,10
ACDEXWV,10
ACDEYW,10
ACDEYWV,10
ACDEYXW,10
ACDEYXWV,10
ACDEZW,10
ACDEZWV,10
ACDEZXW,10
ACDEZXWV,10
ACDEZYW,10
ACDEZYWV,10
ACDEZYXW,10
ACDEZYXWV,10
ACDFGW,10
ACDFGWV,10
ACDFGXW,10
ACDFGXWV,10
ACDFGYW,10
ACDFGYWV,10
ACDFGYXW,10
ACDFGYXWV,10
ACDFGZW,10
ACDFGZWV,10
ACDFGZXW,10
ACDFGZXWV,10
ACDFGZYW,10
ACDFGZYWV,10
ACDFGZYXW,10
ACDFGZYXWV,10
ACDFW,10
ACDFWV,10
ACDFXW,10
ACDFXWV,10
ACDFYW,10
ACDFYWV,10
ACDFYXW,10
ACDFYXWV,10
ACDFZW,10
ACDFZWV,10
ACDFZXW,10
ACDFZXWV,10
ACDFZYW,10
ACDFZYWV,10
ACDFZYXW,10
ACDFZYXWV,10
ACDGW,10
ACDGWV,10
ACDGXW,10
ACDGXWV,10
ACDGYW,10
ACDGYWV,10
ACDGYXW,10
ACDGYXWV,10
ACDGZW,10
ACDGZWV,10
ACDGZXW,10
ACDGZXWV,10
ACDGZYW,10
ACDGZYWV,10
ACDGZYXW,10
ACDGZYXWV,10
ACDW,10
ACDWV,10
ACDXW,10
ACDXWV,10
ACDYW,10
ACDYWV,10
ACDYXW,10
ACDYXWV,10
ACDZW,10
ACDZWV,10
ACDZXW,10
ACDZXWV,10
ACDZYW,10
ACDZYWV,10
ACDZYXW,10
ACDZYXWV,10
ACEFGW,10
ACEFGWV,10
ACEFGXW,10
ACEFGXWV,10
ACEFGYW,10
ACEFGYWV,10
ACEFGYXW,10
ACEFGYXWV,10
ACEFGZW,10
ACEFGZWV,10
ACEFGZXW,10
ACEFGZXWV,10
ACEFGZYW,10
ACEFGZYWV,10
ACEFGZYXW,10
ACEFGZYXWV,10
ACEFW,10
ACEFWV,10
ACEFXW,10
ACEFXWV,10
ACEFYW,10
ACEFYWV,10
ACEFYXW,10
ACEFYXWV,10
ACEFZW,10
ACEFZWV,10
ACEFZXW,10
ACEFZXWV,10
ACEFZYW,10
ACEFZYWV,10
ACEFZYXW,10
ACEFZYXWV,10
ACEGW,10
ACEGWV,10
ACEGXW,10
ACEGXWV,10
ACEGYW,10
ACEGYWV,10
ACEGYXW,10
ACEGYXWV,10
ACEGZW,10
ACEGZWV,10
ACEGZXW,10
ACEGZXWV,10
ACEGZYW,10
ACEGZYWV,10
ACEGZYXW,10
ACEGZYXWV,10
ACEW,10
ACEWV,10
ACEXW,10
ACEXWV,10
ACEYW,10
ACEYWV,10
ACEYXW,10
ACEYXWV,10
ACEZW,10
ACEZWV,10
ACEZXW,10
ACEZXWV,10
ACEZYW,10
ACEZYWV,10
ACEZYXW,10
ACEZYXWV,10
ACFGW,10
ACFGWV,10
ACFGXW,10
ACFGXWV,10
ACFGYW,10
ACFGYWV,10
ACFGYXW,10
ACFGYXWV,10
ACFGZW,10
ACFGZWV,10
ACFGZXW,10
ACFGZXWV,10
ACFGZYW,10
ACFGZYWV,10
ACFGZYXW,10
ACFGZYXWV,10
ACFW,10
ACFWV,10
ACFXW,10
ACFXWV,10
ACFYW,10
ACFYWV,10
ACFYXW,10
ACFYXWV,10
ACFZW,10
ACFZWV,10
ACFZXW,10
ACFZXWV,10
ACFZYW,10
ACFZYWV,10
ACFZYXW,10
ACFZYXWV,10
ACGW,10
ACGWV,10
ACGXW,10
ACGXWV,10
ACGYW,10
ACGYWV,10
ACGYXW,10
ACGYXWV,10
ACGZW,10
ACGZWV,10
ACGZXW,10
ACGZXWV,10
ACGZYW,10
ACGZYWV,10
ACGZYXW,10
ACGZYXWV,10
ACW,10
ACWV,10
ACXW,10
ACXWV,10
ACYW,10
ACYWV,10
ACYXW,10
ACYXWV,10
ACZW,10
ACZWV,10
ACZXW,10
ACZXWV,10
ACZYW,10
ACZYWV,10
ACZYXW,10
ACZYXWV,10
ADEFGW,10
ADEFGWV,10
ADEFGXW,10
ADEFGXWV,10
ADEFGYW,10
ADEFGYWV,10
ADEFGYXW,10
ADEFGYXWV,10
ADEFGZW,10
ADEFGZWV,10
ADEFGZXW,10
ADEFGZXWV,10
ADEFGZYW,10
ADEFGZYWV,10
ADEFGZYXW,10
ADEFGZYXWV,10
ADEFW,10
ADEFWV,10
ADEFXW,10
ADEFXWV,10
ADEFYW,10
ADEFYWV,10
ADEFYXW,10
ADEFYXWV,10
ADEFZW,10
ADEFZWV,10
ADEFZXW,10
ADEFZXWV,10
ADEFZYW,10
ADEFZYWV,10
ADEFZYXW,10
ADEFZYXWV,10
ADEGW,10
ADEGWV,10
ADEGXW,10
ADEGXWV,10
ADEGYW,10
ADEGYWV,10
ADEGYXW,10
ADEGYXWV,10
ADEGZW,10
ADEGZWV,10
ADEGZXW,10
ADEGZXWV,10
ADEGZYW,10
ADEGZYWV,10
ADEGZYXW,10
ADEGZYXWV,10
ADEW,10
ADEWV,10
ADEXW,10
ADEXWV,10
ADEYW,10
ADEYWV,10
ADEYXW,10
ADEYXWV,10
ADEZW,10
ADEZWV,10
ADEZXW,10
ADEZXWV,10
ADEZYW,10
ADEZYWV,10
ADEZYXW,10
ADEZYXWV,10
ADFGW,10
ADFGWV,10
ADFGXW,10
ADFGXWV,10
ADFGYW,10
ADFGYWV,10
ADFGYXW,10
ADFGYXWV,10
ADFGZW,10
ADFGZWV,10
ADFGZXW,10
ADFGZXWV,10
ADFGZYW,10
ADFGZYWV,10
ADFGZYXW,10
ADFGZYXWV,10
ADFW,10
ADFWV,10
ADFXW,10
ADFXWV,10
ADFYW,10
ADFYWV,10
ADFYXW,10
ADFYXWV,10
ADFZW,10
ADFZWV,10
ADFZXW,10
ADFZXWV,10
ADFZYW,10
ADFZYWV,10
ADFZYXW,10
ADFZYXWV,10
ADGW,10
ADGWV,10
ADGXW,10
ADGXWV,10
ADGYW,10
ADGYWV,10
ADGYXW,10
ADGYXWV,10
ADGZW,10
ADGZWV,10
ADGZXW,10
ADGZXWV,10
ADGZYW,10
ADGZYWV,10
ADGZYXW,10
ADGZYXWV,10
ADW,10
ADWV,10
ADXW,10
ADXWV,10
ADYW,10
ADYWV,10
ADYXW,10
ADYXWV,10
ADZW,10
ADZWV,10
ADZXW,10
ADZXWV,10
ADZYW,10
ADZYWV,10
ADZYXW,10
ADZYXWV,10
AEFGW,10
AEFGWV,10
AEFGXW,10
AEFGXWV,10
AEFGYW,10
AEFGYWV,10
AEFGYXW,10
AEFGYXWV,10
AEFGZW,10
AEFGZWV,10
AEFGZXW,10
AEFGZXWV,10
AEFGZYW,10
AEFGZYWV,10
AEFGZYXW,10
AEFGZYXWV,10
AEFW,10
AEFWV,10
AEFXW,10
AEFXWV,10
AEFYW,10
AEFYWV,10
AEFYXW,10
AEFYXWV,10
AEFZW,10
AEFZWV,10
AEFZXW,10
AEFZXWV,10
AEFZYW,10
AEFZYWV,10
AEFZYXW,10
AEFZYXWV,10
AEGW,10
AEGWV,10
AEGXW,10
AEGXWV,10
AEGYW,10
AEGYWV,10
AEGYXW,10
AEGYXWV,10
AEGZW,10
AEGZWV,10
AEGZXW,10
AEGZXWV,10
AEGZYW,10
AEGZYWV,10
AEGZYXW,10
AEGZYXWV,10
AEW,10
AEWV,10
AEXW,10
AEXWV,10
AEYW,10
AEYWV,10
AEYXW,10
AEYXWV,10
AEZW,10
AEZWV,10
AEZXW,10
AEZXWV,10
AEZYW,10
AEZYWV,10
AEZYXW,10
AEZYXWV,10
AFGW,10
AFGWV,10
AFGXW,10
AFGXWV,10
AFGYW,10
AFGYWV,10
AFGYXW,10
AFGYXWV,10
AFGZW,10
AFGZWV,10
AFGZXW,10
AFGZXWV,10
AFGZYW,10
AFGZYWV,10
AFGZYXW,10
AFGZYXWV,10
AFW,10
AFWV,10
AFXW,10
AFXWV,10
AFYW,10
AFYWV,10
AFYXW,10
AFYXWV,10
AFZW,10
AFZWV,10
AFZXW,10
AFZXWV,10
AFZYW,10
AFZYWV,10
AFZYXW,10
AFZYXWV,10
AGW,10
AGWV,10
AGXW,10
AGXWV,10
AGYW,10
AGYWV,10
AGYXW,10
AGYXWV,10
AGZW,10
AGZWV,10
AGZXW,10
AGZXWV,10
AGZYW,10
AGZYWV,10
AGZYXW,10
AGZYXWV,10
AW,10
AWV,10
AXW,10
AXWV,10
AYW,10
AYWV,10
AYXW,10
AYXWV,10
AZW,10
AZWV,10
AZXW,10
AZXWV,10
AZYW,10
AZYWV,10
AZYXW,10
AZYXWV,10
BCDEFGW,10
BCDEFGWV,10
BCDEFGXW,10
BCDEFGXWV,10
BCDEFGYW,10
BCDEFGYWV,10
BCDEFGYXW,10
BCDEFGYXWV,10
BCDEFGZW,10
BCDEFGZWV,10
BCDEFGZXW,10
BCDEFGZXWV,10
BCDEFGZYW,10
BCDEFGZYWV,10
BCDEFGZYXW,10
BCDEFGZYXWV,10
BCDEFW,10
BCDEFWV,10
BCDEFXW,10
BCDEFXWV,10
BCDEFYW,10
BCDEFYWV,10
BCDEFYXW,10
BCDEFYXWV,10
BCDEFZW,10
BCDEFZWV,10
BCDEFZXW,10
BCDEFZXWV,10
BCDEFZYW,10
BCDEFZYWV,10
BCDEFZYXW,10
BCDEFZYXWV,10
BCDEGW,10
BCDEGWV,10
BCDEGXW,10
BCDEGXWV,10
BCDEGYW,10
BCDEGYWV,10
BCDEGYXW,10
BCDEGYXWV,10
BCDEGZW,10
BCDEGZWV,10
BCDEGZXW,10
BCDEGZXWV,10
BCDEGZYW,10
BCDEGZYWV,10
BCDEGZYXW,10
BCDEGZYXWV,10
BCDEW,10
BCDEWV,10
BCDEXW,10
BCDEXWV,10
BCDEYW,10
BCDEYWV,10
BCDEYXW,10
BCDEYXWV,10
BCDEZW,10
BCDEZWV,10
BCDEZXW,10
BCDEZXWV,10
BCDEZYW,10
BCDEZYWV,10
BCDEZYXW,10
BCDEZYXWV,10
BCDFGW,10
BCDFGWV,10
BCDFGXW,10
BCDFGXWV,10
BCDFGYW,10
BCDFGYWV,10
BCDFGYXW,10
BCDFGYXWV,10
BCDFGZW,10
BCDFGZWV,10
BCDFGZXW,10
BCDFGZXWV,10
BCDFGZYW,10
BCDFGZYWV,10
BCDFGZYXW,10
BCDFGZYXWV,10
BCDFW,10
BCDFWV,10
BCDFXW,10
BCDFXWV,10
BCDFYW,10
BCDFYWV,10
BCDFYXW,10
BCDFYXWV,10
BCDFZW,10
BCDFZWV,10
BCDFZXW,10
BCDFZXWV,10
BCDFZYW,10
BCDFZYWV,10
BCDFZYXW,10
BCDFZYXWV,10
BCDGW,10
BCDGWV,10
BCDGXW,10
BCDGXWV,10
BCDGYW,10
BCDGYWV,10
BCDGYXW,10
BCDGYXWV,10
BCDGZW,10
BCDGZWV,10
BCDGZXW,10
BCDGZXWV,10
BCDGZYW,10
BCDGZYWV,10
BCDGZYXW,10
BCDGZYXWV,10
BCDW,10
BCDWV,10
BCDXW,10
BCDXWV,10
BCDYW,10
BCDYWV,10
BCDYXW,10
BCDYXWV,10
BCDZW,10
BCDZWV,10
BCDZXW,10
BCDZXWV,10
BCDZYW,10
BCDZYWV,10
BCDZYXW,10
BCDZYXWV,10
BCEFGW,10
BCEFGWV,10
BCEFGXW,10
BCEFGXWV,10
BCEFGYW,10
BCEFGYWV,10
BCEFGYXW,10
BCEFGYXWV,10
BCEFGZW,10
BCEFGZWV,10
BCEFGZXW,10
BCEFGZXWV,10
BCEFGZYW,10
BCEFGZYWV,10
BCEFGZYXW,10
BCEFGZYXWV,10
BCEFW,10
BCEFWV,10
BCEFXW,10
BCEFXWV,10
BCEFYW,10
BCEFYWV,10
BCEFYXW,10
BCEFYXWV,10
BCEFZW,10
BCEFZWV,10
BCEFZXW,10
BCEFZXWV,10
BCEFZYW,10
BCEFZYWV,10
BCEFZYXW,10
BCEFZYXWV,10
BCEGW,10
BCEGWV,10
BCEGXW,10
BCEGXWV,10
BCEGYW,10
BCEGYWV,10
BCEGYXW,10
BCEGYXWV,10
BCEGZW,10
BCEGZWV,10
BCEGZXW,10
BCEGZXWV,10
BCEGZYW,10
BCEGZYWV,10
BCEGZYXW,10
BCEGZYXWV,10
BCEW,10
BCEWV,10
BCEXW,10
BCEXWV,10
BCEYW,10
BCEYWV,10
BCEYXW,10
BCEYXWV,10
BCEZW,10
BCEZWV,10
BCEZXW,10
BCEZXWV,10
BCEZYW,10
BCEZYWV,10
BCEZYXW,10
BCEZYXWV,10
BCFGW,10
BCFGWV,10
BCFGXW,10
BCFGXWV,10
BCFGYW,10
BCFGYWV,10
BCFGYXW,10
BCFGYXWV,10
BCFGZW,10
BCFGZWV,10
BCFGZXW,10
BCFGZXWV,10
BCFGZYW,10
BCFGZYWV,10
BCFGZYXW,10
BCFGZYXWV,10
BCFW,10
BCFWV,10
BCFXW,10
BCFXWV,10
BCFYW,10
BCFYWV,10
BCFYXW,10
BCFYXWV,10
BCFZW,10
BCFZWV,10
BCFZXW,10
BCFZXWV,10
BCFZYW,10
BCFZYWV,10
BCFZYXW,10
BCFZYXWV,10
BCGW,10
BCGWV,10
BCGXW,10
BCGXWV,10
BCGYW,10
BCGYWV,10
BCGYXW,10
BCGYXWV,10
BCGZW,10
BCGZWV,10
BCGZXW,10
BCGZXWV,10
BCGZYW,10
BCGZYWV,10
BCGZYXW,10
BCGZYXWV,10
BCW,10
BCWV,10
BCXW,10
BCXWV,10
BCYW,10
BCYWV,10
BCYXW,10
BCYXWV,10
BCZW,10
BCZWV,10
BCZXW,10
BCZXWV,10
BCZYW,10
BCZYWV,10
BCZYXW,10
BCZYXWV,10
BDEFGW,10
BDEFGWV,10
BDEFGXW,10
BDEFGXWV,10
BDEFGYW,10
BDEFGYWV,10
BDEFGYXW,10
BDEFGYXWV,10
BDEFGZW,10
BDEFGZWV,10
BDEFGZXW,10
BDEFGZXWV,10
BDEFGZYW,10
BDEFGZYWV,10
BDEFGZYXW,10
BDEFGZYXWV,10
BDEFW,10
BDEFWV,10
BDEFXW,10
BDEFXWV,10
BDEFYW,10
BDEFYWV,10
BDEFYXW,10
BDEFYXWV,10
BDEFZW,10
BDEFZWV,10
BDEFZXW,10
BDEFZXWV,10
BDEFZYW,10
BDEFZYWV,10
BDEFZYXW,10
BDEFZYXWV,10
BDEGW,10
BDEGWV,10
BDEGXW,10
BDEGXWV,10
BDEGYW,10
BDEGYWV,10
BDEGYXW,10
BDEGYXWV,10
BDEGZW,10
BDEGZWV,10
BDEGZXW,10
BDEGZXWV,10
BDEGZYW,10
BDEGZYWV,10
BDEGZYXW,10
BDEGZYXWV,10
BDEW,10
BDEWV,10
BDEXW,10
BDEXWV,10
BDEYW,10
BDEYWV,10
BDEYXW,10
BDEYXWV,10
BDEZW,10
BDEZWV,10
BDEZXW,10
BDEZXWV,10
BDEZYW,10
BDEZYWV,10
BDEZYXW,10
BDEZYXWV,10
BDFGW,10
BDFGWV,10
BDFGXW,10
BDFGXWV,10
BDFGYW,10
BDFGYWV,10
BDFGYXW,10
BDFGYXWV,10
BDFGZW,10
BDFGZWV,10
BDFGZXW,10
BDFGZXWV,10
BDFGZYW,10
BDFGZYWV,10
BDFGZYXW,10
BDFGZYXWV,10
BDFW,10
BDFWV,10
BDFXW,10
BDFXWV,10
BDFYW,10
BDFYWV,10
BDFYXW,10
BDFYXWV,10
BDFZW,10
BDFZWV,10
BDFZXW,10
BDFZXWV,10
BDFZYW,10
BDFZYWV,10
BDFZYXW,10
BDFZYXWV,10
BDGW,10
BDGWV,10
BDGXW,10
BDGXWV,10
BDGYW,10
BDGYWV,10
BDGYXW,10
BDGYXWV,10
BDGZW,10
BDGZWV,10
BDGZXW,10
BDGZXWV,10
BDGZYW,10
BDGZYWV,10
BDGZYXW,10
BDGZYXWV,10
BDW,10
BDWV,10
BDXW,10
BDXWV,10
BDYW,10
BDYWV,10
BDYXW,10
BDYXWV,10
BDZW,10
BDZWV,10
BDZXW,10
BDZXWV,10
BDZYW,10
BDZYWV,10
BDZYXW,10
BDZYXWV,10
BEFGW,10
BEFGWV,10
BEFGXW,10
BEFGXWV,10
BEFGYW,10
BEFGYWV,10
BEFGYXW,10
BEFGYXWV,10
BEFGZW,10
BEFGZWV,10
BEFGZXW,10
BEFGZXWV,10
BEFGZYW,10
BEFGZYWV,10
BEFGZYXW,10
BEFGZYXWV,10
BEFW,10
BEFWV,10
BEFXW,10
BEFXWV,10
BEFYW,10
BEFYWV,10
BEFYXW,10
BEFYXWV,10
BEFZW,10
BEFZWV,10
BEFZXW,10
BEFZXWV,10
BEFZYW,10
BEFZYWV,10
BEFZYXW,10
BEFZYXWV,10
BEGW,10
BEGWV,10
BEGXW,10
BEGXWV,10
BEGYW,10
BEGYWV,10
BEGYXW,10
BEGYXWV,10
BEGZW,10
BEGZWV,10
BEGZXW,10
BEGZXWV,10
BEGZYW,10
BEGZYWV,10
BEGZYXW,10
BEGZYXWV,10
BEW,10
BEWV,10
BEXW,10
BEXWV,10
BEYW,10
BEYWV,10
BEYXW,10
BEYXWV,10
BEZW,10
BEZWV,10
BEZXW,10
BEZXWV,10
BEZYW,10
BEZYWV,10
BEZYXW,10
BEZYXWV,10
BFGW,10
BFGWV,10
BFGXW,10
BFGXWV,10
BFGYW,10
BFGYWV,10
BFGYXW,10
BFGYXWV,10
BFGZW,10
BFGZWV,10
BFGZXW,10
BFGZXWV,10
BFGZYW,10
BFGZYWV,10
BFGZYXW,10
BFGZYXWV,10
BFW,10
BFWV,10
BFXW,10
BFXWV,10
BFYW,10
BFYWV,10
BFYXW,10
BFYXWV,10
BFZW,10
BFZWV,10
BFZXW,10
BFZXWV,10
BFZYW,10
BFZYWV,10
BFZYXW,10
BFZYXWV,10
BGW,10
BGWV,10
BGXW,10
BGXWV,10
BGYW,10
BGYWV,10
BGYXW,10
BGYXWV,10
BGZW,10
BGZWV,10
BGZXW,10
BGZXWV,10
BGZYW,10
BGZYWV,10
BGZYXW,10
BGZYXWV,10
BW,10
BWV,10
BXW,10
BXWV,10
BYW,10
BYWV,10
BYXW,10
BYXWV,10
BZW,10
BZWV,10
BZXW,10
BZXWV,10
BZYW,10
BZYWV,10
BZYXW,10
BZYXWV,10
CDEFGW,10
CDEFGWV,10
CDEFGXW,10
CDEFGXWV,10
CDEFGYW,10
CDEFGYWV,10
CDEFGYXW,10
CDEFGYXWV,10
CDEFGZW,10
CDEFGZWV,10
CDEFGZXW,10
CDEFGZXWV,10
CDEFGZYW,10
CDEFGZYWV,10
CDEFGZYXW,10
CDEFGZYXWV,10
CDEFW,10
CDEFWV,10
CDEFXW,10
CDEFXWV,10
CDEFYW,10
CDEFYWV,10
CDEFYXW,10
CDEFYXWV,10
CDEFZW,10
CDEFZWV,10
CDEFZXW,10
CDEFZXWV,10
CDEFZYW,10
CDEFZYWV,10
CDEFZYXW,10
CDEFZYXWV,10
CDEGW,10
CDEGWV,10
CDEGXW,10
CDEGXWV,10
CDEGYW,10
CDEGYWV,10
CDEGYXW,10
CDEGYXWV,10
CDEGZW,10
CDEGZWV,10
CDEGZXW,10
CDEGZXWV,10
CDEGZYW,10
CDEGZYWV,10
CDEGZYXW,10
CDEGZYXWV,10
CDEW,10
CDEWV,10
CDEXW,10
CDEXWV,10
CDEYW,10
CDEYWV,10
CDEYXW,10
CDEYXWV,10
CDEZW,10
CDEZWV,10
CDEZXW,10
CDEZXWV,10
CDEZYW,10
CDEZYWV,10
CDEZYXW,10
CDEZYXWV,10
CDFGW,10
CDFGWV,10
CDFGXW,10
CDFGXWV,10
CDFGYW,10
CDFGYWV,10
CDFGYXW,10
CDFGYXWV,10
CDFGZW,10
CDFGZWV,10
CDFGZXW,10
CDFGZXWV,10
CDFGZYW,10
CDFGZYWV,10
CDFGZYXW,10
CDFGZYXWV,10
CDFW,10
CDFWV,10
CDFXW,10
CDFXWV,10
CDFYW,10
CDFYWV,10
CDFYXW,10
CDFYXWV,10
CDFZW,10
CDFZWV,10
CDFZXW,10
CDFZXWV,10
CDFZYW,10
CDFZYWV,10
CDFZYXW,10
CDFZYXWV,10
CDGW,10
CDGWV,10
CDGXW,10
CDGXWV,10
CDGYW,10
CDGYWV,10
CDGYXW,10
CDGYXWV,10
CDGZW,10
CDGZWV,10
CDGZXW,10
CDGZXWV,10
CDGZYW,10
CDGZYWV,10
CDGZYXW,10
CDGZYXWV,10
CDW,10
CDWV,10
CDXW,10
CDXWV,10
CDYW,10
CDYWV,10
CDYXW,10
CDYXWV,10
CDZW,10
CDZWV,10
CDZXW,10
CDZXWV,10
CDZYW,10
CDZYWV,10
CDZYXW,10
CDZYXWV,10
CEFGW,10
CEFGWV,10
CEFGXW,10
CEFGXWV,10
CEFGYW,10
CEFGYWV,10
CEFGYXW,10
CEFGYXWV,10
CEFGZW,10
CEFGZWV,10
CEFGZXW,10
CEFGZXWV,10
CEFGZYW,10
CEFGZYWV,10
CEFGZYXW,10
CEFGZYXWV,10
CEFW,10
CEFWV,10
CEFXW,10
CEFXWV,10
CEFYW,10
CEFYWV,10
CEFYXW,10
CEFYXWV,10
CEFZW,10
CEFZWV,10
CEFZXW,10
CEFZXWV,10
CEFZYW,10
CEFZYWV,10
CEFZYXW,10
CEFZYXWV,10
CEGW,10
CEGWV,10
CEGXW,10
CEGXWV,10
CEGYW,10
CEGYWV,10
CEGYXW,10
CEGYXWV,10
CEGZW,10
CEGZWV,10
CEGZXW,10
CEGZXWV,10
CEGZYW,10
CEGZYWV,10
CEGZYXW,10
CEGZYXWV,10
CEW,10
CEWV,10
CEXW,10
CEXWV,10
CEYW,10
CEYWV,10
CEYXW,10
CEYXWV,10
CEZW,10
CEZWV,10
CEZXW,10
CEZXWV,10
CEZYW,10
CEZYWV,10
CEZYXW,10
CEZYXWV,10
CFGW,10
CFGWV,10
CFGXW,10
CFGXWV,10
CFGYW,10
CFGYWV,10
CFGYXW,10
CFGYXWV,10
CFGZW,10
CFGZWV,10
CFGZXW,10
CFGZXWV,10
CFGZYW,10
CFGZYWV,10
CFGZYXW,10
CFGZYXWV,10
CFW,10
CFWV,10
CFXW,10
CFXWV,10
CFYW,10
CFYWV,10
CFYXW,10
CFYXWV,10
CFZW,10
CFZWV,10
CFZXW,10
CFZXWV,10
CFZYW,10
CFZYWV,10
CFZYXW,10
CFZYXWV,10
CGW,10
CGWV,10
CGXW,10
CGXWV,10
CGYW,10
CGYWV,10
CGYXW,10
CGYXWV,10
CGZW,10
CGZWV,10
CGZXW,10
CGZXWV,10
CGZYW,10
CGZYWV,10
CGZYXW,10
CGZYXWV,10
CW,10
CWV,10
CXW,10
CXWV,10
CYW,10
CYWV,10
CYXW,10
CYXWV,10
CZW,10
CZWV,10
CZXW,10
CZXWV,10
CZYW,10
CZYWV,10
CZYXW,10
CZYXWV,10
DEFGW,10
DEFGWV,10
DEFGXW,10
DEFGXWV,10
DEFGYW,10
DEFGYWV,10
DEFGYXW,10
DEFGYXWV,10
DEFGZW,10
DEFGZWV,10
DEFGZXW,10
DEFGZXWV,10
DEFGZYW,10
DEFGZYWV,10
DEFGZYXW,10
DEFGZYXWV,10
DEFW,10
DEFWV,10
DEFXW,10
DEFXWV,10
DEFYW,10
DEFYWV,10
DEFYXW,10
DEFYXWV,10
DEFZW,10
DEFZWV,10
DEFZXW,10
DEFZXWV,10
DEFZYW,10
DEFZYWV,10
DEFZYXW,10
DEFZYXWV,10
DEGW,10
DEGWV,10
DEGXW,10
DEGXWV,10
DEGYW,10
DEGYWV,10
DEGYXW,10
DEGYXWV,10
DEGZW,10
DEGZWV,10
DEGZXW,10
DEGZXWV,10
DEGZYW,10
DEGZYWV,10
DEGZYXW,10
DEGZYXWV,10
DEW,10
DEWV,10
DEXW,10
DEXWV,10
DEYW,10
DEYWV,10
DEYXW,10
DEYXWV,10
DEZW,10
DEZWV,10
DEZXW,10
DEZXWV,10
DEZYW,10
DEZYWV,10
DEZYXW,10
DEZYXWV,10
DFGW,10
DFGWV,10
DFGXW,10
DFGXWV,10
DFGYW,10
DFGYWV,10
DFGYXW,10
DFGYXWV,10
DFGZW,10
DFGZWV,10
DFGZXW,10
DFGZXWV,10
DFGZYW,10
DFGZYWV,10
DFGZYXW,10
DFGZYXWV,10
DFW,10
DFWV,10
DFXW,10
DFXWV,10
DFYW,10
DFYWV,10
DFYXW,10
DFYXWV,10
DFZW,10
DFZWV,10
DFZXW,10
DFZXWV,10
DFZYW,10
DFZYWV,10
DFZYXW,10
DFZYXWV,10
DGW,10
DGWV,10
DGXW,10
DGXWV,10
DGYW,10
DGYWV,10
DGYXW,10
DGYXWV,10
DGZW,10
DGZWV,10
DGZXW,10
DGZXWV,10
DGZYW,10
DGZYWV,10
DGZYXW,10
DGZYXWV,10
DW,10
DWV,10
DXW,10
DXWV,10
DYW,10
DYWV,10
DYXW,10
DYXWV,10
DZW,10
DZWV,10
DZXW,10
DZXWV,10
DZYW,10
DZYWV,10
DZYXW,10
DZYXWV,10
EFGW,10
EFGWV,10
EFGXW,10
EFGXWV,10
EFGYW,10
EFGYWV,10
EFGYXW,10
EFGYXWV,10
EFGZW,10
EFGZWV,10
EFGZXW,10
EFGZXWV,10
EFGZYW,10
EFGZYWV,10
EFGZYXW,10
EFGZYXWV,10
EFW,10
EFWV,10
EFXW,10
EFXWV,10
EFYW,10
EFYWV,10
EFYXW,10
EFYXWV,10
EFZW,10
EFZWV,10
EFZXW,10
EFZXWV,10
EFZYW,10
EFZYWV,10
EFZYXW,10
EFZYXWV,10
EGW,10
EGWV,10
EGXW,10
EGXWV,10
EGYW,10
EGYWV,10
EGYXW,10
EGYXWV,10
EGZW,10
EGZWV,10
EGZXW,10
EGZXWV,10
EGZYW,10
EGZYWV,10
EGZYXW,10
EGZYXWV,10
EW,10
EWV,10
EXW,10
EXWV,10
EYW,10
EYWV,10
EYXW,10
EYXWV,10
EZW,10
EZWV,10
EZXW,10
EZXWV,10
EZYW,10
EZYWV,10
EZYXW,10
EZYXWV,10
FGW,10
FGWV,10
FGXW,10
FGXWV,10
FGYW,10
FGYWV,10
FGYXW,10
FGYXWV,10
FGZW,10
FGZWV,10
FGZXW,10
FGZXWV,10
FGZYW,10
FGZYWV,10
FGZYXW,10
FGZYXWV,10
FW,10
FWV,10
FXW,10
FXWV,10
FYW,10
FYWV,10
FYXW,10
FYXWV,10
FZW,10
FZWV,10
FZXW,10
FZXWV,10
FZYW,10
FZYWV,10
FZYXW,10
FZYXWV,10
GW,10
GWV,10
GXW,10
GXWV,10
GYW,10
GYWV,10
GYXW,10
GYXWV,10
GZW,10
GZWV,10
GZXW,10
GZXWV,10
GZYW,10
GZYWV,10
GZYXW,10
GZYXWV,10
W,10
WV,10
XW,10
XWV,10
YW,10
YWV,10
YXW,10
YXWV,10
ZW,10
ZWV,10
ZXW,10
ZXWV,10
ZYW,10
ZYWV,10
ZYXW,10
ZYXWV,10
