E,27.9286
D,37.7857
A,41.0714
C,46.7143
DE,49
AE,49.8571
CE,51.7857
F,54.6429
AC,58.3571
EF,59.7143
CD,61.0714
EY,61.6429
ACE,62
AF,62.0714
Y,62.1429
AD,63.0714
CDE,63.3571
EX,64.3571
X,64.4286
AEF,64.7143
DY,64.7857
DEY,65.3571
YX,65.5714
EZY,65.7857
CEY,65.9286
CY,66
ZY,66.0714
CDEY,66.2857
CF,66.3571
CDY,66.4286
EYX,66.6429
ADE,66.7857
Z,67
FX,67.0714
ACF,67.1429
CEF,67.1429
EZ,67.2143
DF,67.7857
ACEF,67.8571
ZX,68
AEX,68.0714
EFX,68.2857
EZX,68.2857
AY,68.6429
ZYX,68.6429
FY,68.7857
DZY,69
ZYV,69
DEZY,69.1429
AEY,69.2143
CEX,69.3571
ZYXW,69.3571
DYX,69.5
CX,69.5714
EZYX,69.5714
ZYW,69.5714
AX,69.6429
CYX,69.7143
DX,69.7143
CEZ,69.7857
CEZY,69.7857
CEYX,69.8571
DEX,69.8571
DEZ,69.8571
ZYWV,69.8571
ACD,69.9286
DZ,69.9286
CZY,70
EFYX,70
FYX,70
ZYXWV,70
AEYX,70.2143
CDEZY,70.2143
CDZY,70.2143
AYX,70.2857
DEYX,70.2857
EFY,70.3571
EZYV,70.3571
CZ,70.4286
EZYXW,70.4286
CZYV,70.5
DEF,70.5
CZYXV,70.5714
EZYWV,70.5714
ZXW,70.5714
ZYXV,70.6429
EZYW,70.7143
CEZYX,70.7857
CZYXWV,70.7857
DEYV,70.7857
EZYXV,70.7857
CZYWV,70.8571
EZYXWV,70.8571
CZYX,70.9286
CEZYV,71
DYV,71.0714
ADF,71.1429
DFY,71.1429
DZYX,71.1429
EZXW,71.1429
CEZYWV,71.2143
CEZYXW,71.2857
AFX,71.3571
CEFX,71.3571
CEZYW,71.3571
CEZYXWV,71.3571
CZYXW,71.3571
ZV,71.3571
ZXWV,71.3571
ACDE,71.4286
ADY,71.4286
CEZYXV,71.4286
DEZYX,71.4286
ZW,71.4286
EYV,71.5
YV,71.5
CZYW,71.5714
DFYX,71.5714
EYXWV,71.5714
EYXW,71.6429
ZWV,71.6429
AZY,71.7143
DEZW,71.7143
EZXV,71.7857
DYW,71.8571
DZW,71.8571
DZWV,71.8571
EYXV,71.8571
ZXV,71.8571
ACY,71.9286
DEYW,71.9286
DEZWV,71.9286
YXWV,71.9286
CZV,72
DEFYX,72
CEZX,72.0714
DEZYV,72.0714
DZX,72.0714
DZYV,72.1429
CDEZYV,72.2143
DEZYW,72.2143
EZW,72.2143
ACEFX,72.2857
CEYV,72.2857
DEZV,72.2857
EYW,72.2857
DYWV,72.3571
EZV,72.3571
EZXWV,72.3571
YW,72.3571
AEZY,72.4286
CEYXV,72.4286
CEZV,72.4286
DEZYWV,72.4286
EFZY,72.4286
FZY,72.4286
DEV,72.5
DEYWV,72.5
YXV,72.5
YXW,72.5
ACEX,72.5714
CDEZ,72.5714
CDYX,72.5714
CZX,72.5714
DZYW,72.5714
ADEY,72.6429
ADZY,72.6429
CDEZYW,72.7143
CDZYV,72.7143
CEFY,72.7143
CYXV,72.7143
DEFY,72.7143
CDX,72.7857
DZV,72.7857
DZYWV,72.7857
XV,72.7857
CFY,72.8571
CZXV,72.8571
DEFZY,72.8571
CYW,72.9286
DEYXWV,72.9286
EXV,72.9286
EYWV,72.9286
W,72.9286
YWV,72.9286
CDZYW,73
CEV,73
CV,73
CYXWV,73
DV,73
DYXWV,73
EZWV,73
AEFX,73.0714
CDEYX,73.0714
CEXV,73.0714
CEYW,73.0714
CEYXWV,73.0714
CYV,73.0714
CZWV,73.0714
CZXWV,73.0714
ACX,73.1429
AEFYX,73.1429
CDZ,73.1429
CEYWV,73.1429
CYWV,73.1429
DFZY,73.1429
WV,73.1429
AFY,73.2143
CEZXV,73.2143
DEW,73.2143
DEZX,73.2143
DZYXV,73.2143
ACEY,73.2857
CDEX,73.2857
CDEZYWV,73.2857
DEFZYX,73.2857
DEZYXV,73.2857
FZYV,73.2857
AEFY,73.3571
CEYXW,73.3571
CFX,73.3571
CXV,73.3571
EFZYX,73.3571
EW,73.3571
ADZYX,73.4286
CEZWV,73.4286
CW,73.4286
DEYXV,73.4286
DYXV,73.4286
ADEZY,73.5
AZ,73.5
AZYX,73.5
DFZYX,73.5
EFZYV,73.5
ACFX,73.5714
ADEYX,73.5714
AFYX,73.5714
CEW,73.5714
CYXW,73.5714
DZYXWV,73.5714
EFZ,73.5714
FZ,73.5714
FZYX,73.5714
ADYX,73.6429
AEZYX,73.6429
CDZYWV,73.6429
CEWV,73.6429
CEZXWV,73.6429
CWV,73.6429
DEWV,73.6429
DEZYXWV,73.6429
EFZYXV,73.6429
V,73.6429
ADFY,73.7143
AYW,73.7143
CZW,73.7143
DFZ,73.7143
ADEFYX,73.7857
CDYV,73.7857
CEZXW,73.7857
CZXW,73.7857
DEYXW,73.7857
EWV,73.7857
ADEZYX,73.8571
CDEFY,73.8571
CDEYV,73.8571
CEZW,73.8571
DFX,73.8571
DW,73.8571
DWV,73.8571
DYXW,73.8571
EV,73.8571
ACDY,73.9286
ADEZ,73.9286
ADZ,73.9286
EFZYWV,73.9286
ADEFY,74
AYWV,74
DFZYV,74
EFZYXWV,74
ACYX,74.0714
ADEF,74.0714
AEYWV,74.0714
AEZYW,74.0714
CDEF,74.0714
CDYW,74.0714
DEFZ,74.0714
DEFZYV,74.0714
FZV,74.0714
FZYXV,74.0714
XW,74.0714
AEYV,74.1429
CDEYW,74.1429
CDFY,74.1429
EXW,74.1429
AEZ,74.2143
AZYW,74.2143
CDYWV,74.2143
EFZYW,74.2143
ADFYX,74.2857
CDEYWV,74.2857
DEFZYWV,74.2857
DZXWV,74.2857
XWV,74.2857
ACEYX,74.3571
AEZYV,74.3571
CDEZW,74.3571
DEFX,74.3571
DFYV,74.3571
DFZYWV,74.3571
FZYWV,74.3571
AEYW,74.4286
DEFYV,74.4286
DEFZYW,74.4286
DZYXW,74.4286
EFZYXW,74.4286
EXWV,74.4286
FZXV,74.4286
ACFY,74.5
ADEFZYV,74.5
AZYWV,74.5
DEFZYXV,74.5
DEZYXW,74.5
DFZX,74.5
DFZYW,74.5
EFZV,74.5
FZX,74.5
ADFZYV,74.5714
ACEFY,74.6429
CEXWV,74.6429
DZXV,74.6429
FYV,74.6429
CDF,74.7143
CDZW,74.7143
DFYWV,74.7143
FZWV,74.7143
AEFZY,74.7857
AFZY,74.7857
DEFZX,74.7857
EFYV,74.7857
FZYXWV,74.7857
AEYXV,74.8571
AEYXWV,74.8571
AZYV,74.8571
CDEZV,74.8571
CEXW,74.8571
CXWV,74.8571
DEXV,74.8571
DEZXV,74.8571
DEZXWV,74.8571
DFZYXV,74.8571
ADFZY,74.9286
CDWV,74.9286
CEFYX,74.9286
DEFYWV,74.9286
DEXWV,74.9286
DFZV,74.9286
DXWV,74.9286
DZXW,74.9286
EFYWV,74.9286
FZXWV,74.9286
FZYW,74.9286
ACDEY,75
ADEFZYXV,75
AYV,75
AYXWV,75
CDEZYX,75
CXW,75
DEFZYXWV,75
EFZXWV,75
ACDEF,75.0714
ADEX,75.0714
ADEZYV,75.0714
CDEZWV,75.0714
CDZYX,75.0714
DEXW,75.0714
EFZWV,75.0714
ACEFYX,75.1429
AEZYWV,75.1429
DEFZV,75.1429
DEFZYXW,75.1429
DXV,75.1429
AEZYXV,75.2143
FYWV,75.2143
ACDF,75.2857
ACZY,75.2857
AZX,75.2857
CDEV,75.2857
CDEWV,75.2857
DFZW,75.2857
DFZWV,75.2857
DFZYXWV,75.2857
EFZXV,75.2857
ADEFZY,75.3571
ADEZX,75.3571
ADZYW,75.3571
AEFZYV,75.3571
AEZYXW,75.3571
CDZV,75.3571
EFZX,75.3571
FZYXW,75.3571
ADFZYXV,75.4286
AEZV,75.4286
AZV,75.4286
AZYXWV,75.4286
CDV,75.4286
CDZWV,75.4286
CFYX,75.4286
DFZYXW,75.4286
DXW,75.4286
EFZW,75.4286
ACDEFY,75.5
ACDFY,75.5
ADZYV,75.5
AEFZYX,75.5
AEZX,75.5
AFZYV,75.5
AYXV,75.5
CEFYV,75.5
DEFZWV,75.5
ACFZY,75.5714
AZYXV,75.5714
CDEFYX,75.5714
DEFZW,75.5714
DFYXWV,75.5714
EFYXWV,75.5714
EFZXW,75.5714
DEFYXWV,75.6429
DEZXW,75.6429
DFZXV,75.6429
EFYXV,75.6429
FZW,75.6429
ACDFZYV,75.7143
AEFZYXV,75.7143
AEYXW,75.7143
AFZYX,75.7143
CDEFZYXV,75.7143
CDEW,75.7143
CDZX,75.7143
CEFZY,75.7143
CFZY,75.7143
DEFYW,75.7143
DEFYXV,75.7143
DEFZXV,75.7143
DFYW,75.7143
FZXW,75.7143
ACDEFZYV,75.7857
ACDZY,75.7857
ADEFZYXWV,75.7857
ADEZYXV,75.7857
ADFZ,75.7857
ADFZYW,75.7857
CDEZX,75.7857
CEFZYXV,75.7857
DFYXV,75.7857
EFYW,75.7857
ACDEFYX,75.8571
ACDYX,75.8571
ACEZY,75.8571
ACFYX,75.8571
ADEFZ,75.8571
ADFZYWV,75.8571
ADFZYX,75.8571
DFYXW,75.8571
FXV,75.8571
FYW,75.8571
ADEFZYWV,75.9286
ADX,75.9286
ADZYWV,75.9286
AEV,75.9286
AZYXW,75.9286
ACEFZY,76
ACFZYX,76
ADEFZV,76
ADEFZYX,76
ADEZYWV,76
AEFZ,76
AEZW,76
AEZYXWV,76
AFYV,76
CDEFZYV,76
CEFYWV,76
CFYV,76
CFZYX,76
DEFYXW,76
DEFZXWV,76
DFZXWV,76
FYXV,76
FYXWV,76
ACDEYX,76.0714
ACZYX,76.0714
ADEFZYW,76.0714
ADEFZYXW,76.0714
ADZW,76.0714
AFZ,76.0714
CDW,76.0714
CFZYXV,76.0714
EFWV,76.0714
FV,76.0714
ADEZYW,76.1429
ADFZYXW,76.1429
ADZX,76.1429
AWV,76.1429
AZW,76.1429
CDYXV,76.1429
CEFYXV,76.1429
CEFZYX,76.1429
FYXW,76.1429
ACEFZYX,76.2143
ADFZYXWV,76.2143
AEZWV,76.2143
CDFYX,76.2143
CEFZYV,76.2143
CFZYV,76.2143
DEFZXW,76.2143
DFXWV,76.2143
DFZXW,76.2143
ACDEZY,76.2857
ADEYV,76.2857
ADEZV,76.2857
ADFZV,76.2857
AEFYV,76.2857
AEFZYXW,76.2857
CEFYW,76.2857
CEFZ,76.2857
CEFZYWV,76.2857
CFZ,76.2857
DFWV,76.2857
EFV,76.2857
EFYXW,76.2857
ADEFYXWV,76.3571
AEFZYXWV,76.3571
AYXW,76.3571
AZWV,76.3571
CDEFZYWV,76.3571
CDEYXV,76.3571
CDFZYXV,76.3571
DEFXWV,76.3571
DFXW,76.3571
EFXWV,76.3571
ACDEFZYXV,76.4286
ADFX,76.4286
ADFYV,76.4286
AEXV,76.4286
AFZYXV,76.4286
CDEXV,76.4286
CDEZYXV,76.4286
CEFZYXW,76.4286
CEFZYXWV,76.4286
CFZYWV,76.4286
FXWV,76.4286
ADYWV,76.5
AFZYWV,76.5
AV,76.5
CDEYXW,76.5
CDEYXWV,76.5
CDFZYV,76.5
CDYXWV,76.5
CEFZYW,76.5
CFYWV,76.5
EFXV,76.5
FXW,76.5
ACDFYX,76.5714
ACDFZV,76.5714
ACEFZYV,76.5714
ACFZYV,76.5714
ACYW,76.5714
ADEFYWV,76.5714
ADEYWV,76.5714
ADEZW,76.5714
ADFYWV,76.5714
ADZYXW,76.5714
AFZYW,76.5714
AW,76.5714
CDEFZV,76.5714
CDEXWV,76.5714
CDZYXV,76.5714
DFXV,76.5714
FWV,76.5714
ACDFZY,76.6429
ACZ,76.6429
ADZV,76.6429
ADZYXV,76.6429
AEWV,76.6429
CDEFZ,76.6429
CDEFZY,76.6429
CDEFZYW,76.6429
CDEFZYXWV,76.6429
CDEZXV,76.6429
CDFZY,76.6429
CDXV,76.6429
CDYXW,76.6429
CFZYXWV,76.6429
DEFWV,76.6429
DEFXV,76.6429
EFW,76.6429
ACDEFZY,76.7143
ADEFYV,76.7143
AEFZYWV,76.7143
AZXV,76.7143
CDFZYWV,76.7143
CDZXV,76.7143
CEFYXW,76.7143
CFZX,76.7143
ACDFZYW,76.7857
ACDZYX,76.7857
ADEFZX,76.7857
ADEFZXV,76.7857
AEZXV,76.7857
AEZXW,76.7857
AFZYXW,76.7857
CDEFYV,76.7857
CDEFZXV,76.7857
CDFZYX,76.7857
CEFYXWV,76.7857
CFYXV,76.7857
CFZV,76.7857
CFZXV,76.7857
CFZYXW,76.7857
DEFV,76.7857
DFW,76.7857
EFXW,76.7857
FW,76.7857
ACDEFZV,76.8571
ACDEFZYX,76.8571
ACDFZYWV,76.8571
ACDFZYXV,76.8571
AEFZX,76.8571
AEFZYW,76.8571
AFZYXWV,76.8571
AZXWV,76.8571
CDEFZYX,76.8571
CDFZV,76.8571
DEFXW,76.8571
ACEYW,76.9286
ACYWV,76.9286
ACZX,76.9286
ADEFZWV,76.9286
ADFZX,76.9286
AEFZV,76.9286
AFZV,76.9286
CDEFYWV,76.9286
CDEXW,76.9286
CDFZ,76.9286
CDFZYW,76.9286
CDXWV,76.9286
CFYXW,76.9286
CFYXWV,76.9286
CFZYW,76.9286
DFV,76.9286
ACEZYX,77
ADEFYXV,77
ADEZWV,77
ADEZYXWV,77
ADFZWV,77
ADYV,77
AEFYXV,77
AFYXV,77
AXWV,77
CDEFZYXW,77
CDEZYXWV,77
CDFZX,77
CDFZXV,77
CEFZX,77
CFYW,77
ACDEFZYWV,77.0714
ACDZV,77.0714
ACEFZ,77.0714
ACZV,77.0714
ADEFZW,77.0714
ADEZYXW,77.0714
ADFYXWV,77.0714
AXV,77.0714
CDFZYXWV,77.0714
CEFZV,77.0714
ACDEFZ,77.1429
ACDEFZXV,77.1429
ACDEFZYW,77.1429
ACDEZYX,77.1429
ACDFZYX,77.1429
ACEFZYXV,77.1429
ACFZ,77.1429
ADFZW,77.1429
ADFZXV,77.1429
AEW,77.1429
AEXWV,77.1429
AFYWV,77.1429
AFZWV,77.1429
CDEFYXV,77.1429
CDEFZWV,77.1429
CDEZYXW,77.1429
CDFZYXW,77.1429
CDZYXWV,77.1429
CFZXWV,77.1429
ACDZ,77.2143
ADEFX,77.2143
AEZXWV,77.2143
AFZW,77.2143
AFZX,77.2143
CEFZXV,77.2143
ACDFZ,77.2857
ACFYV,77.2857
ACFZYW,77.2857
ACFZYWV,77.2857
ACZYXW,77.2857
ADEYW,77.2857
ADEYXV,77.2857
AEFYWV,77.2857
CDEFYXWV,77.2857
CDEFZX,77.2857
DEFW,77.2857
ACEFYV,77.3571
ACEFZX,77.3571
ACZYW,77.3571
ADZWV,77.3571
CDEFYW,77.3571
CDEFZW,77.3571
CDFYV,77.3571
CDXW,77.3571
CDZYXW,77.3571
CEFZXWV,77.3571
ACEFZYWV,77.4286
ACYXV,77.4286
ACZYV,77.4286
ADEV,77.4286
ADEYXWV,77.4286
ADZYXWV,77.4286
AEXW,77.4286
AZXW,77.4286
CDFYWV,77.4286
CDFZWV,77.4286
CEFXWV,77.4286
CEFZXW,77.4286
CFZWV,77.4286
ACDEFZYXWV,77.5
ACDEX,77.5
ACDFZYXW,77.5
ACDZYV,77.5
ACEFZYW,77.5
ACEYXW,77.5
ACFZX,77.5
ACYXW,77.5
ACYXWV,77.5
ACZWV,77.5
ADEFYXW,77.5
ADEFZXWV,77.5
ADYW,77.5
AEFZWV,77.5
AEFZXV,77.5
CDEFZXWV,77.5
ACDEFZYXW,77.5714
ACDEZYV,77.5714
ACDFZXV,77.5714
ACEZ,77.5714
ACEZX,77.5714
ACFZV,77.5714
ACFZYXV,77.5714
ACZYXV,77.5714
ADEFYW,77.5714
ADFYW,77.5714
AEFYXWV,77.5714
AFV,77.5714
CDEFV,77.5714
CDEZXW,77.5714
CEFXV,77.5714
CFZXW,77.5714
ACEYWV,77.6429
ACEYXV,77.6429
ACFZYXW,77.6429
ACZXV,77.6429
ACZXWV,77.6429
ADFYXV,77.6429
AEFZW,77.6429
CDFYXWV,77.6429
CDFZW,77.6429
CEFV,77.6429
ACDEZV,77.7143
ACDFZYXWV,77.7143
ACEFYWV,77.7143
ACEFZV,77.7143
ACEFZYXW,77.7143
ADEWV,77.7143
ADEZXV,77.7143
ADWV,77.7143
ADYXWV,77.7143
AEFZXWV,77.7143
CDEFX,77.7143
CDEFYXW,77.7143
CDEZXWV,77.7143
CFXV,77.7143
ACDEFZW,77.7857
ACDEFZX,77.7857
ACDFZWV,77.7857
ACEZYXW,77.7857
ACFYWV,77.7857
ADEFXWV,77.7857
ADV,77.7857
ADXWV,77.7857
AFYXWV,77.7857
AFZXW,77.7857
CDEFXV,77.7857
CDFZXWV,77.7857
CDZXW,77.7857
CFV,77.7857
CFXWV,77.7857
ACDEFX,77.8571
ACDFZX,77.8571
ACEFYXV,77.8571
ACEFZYXWV,77.8571
ACEYV,77.8571
ADEFZXW,77.8571
ADEZXWV,77.8571
ADFYXW,77.8571
ADFZXWV,77.8571
ADW,77.8571
AEFYXW,77.8571
AEFZXW,77.8571
AXW,77.8571
CDEFZXW,77.8571
CDFV,77.8571
CDFYXV,77.8571
CEFZWV,77.8571
ACDFZW,77.9286
ACYV,77.9286
ACZYWV,77.9286
ACZYXWV,77.9286
ADEXWV,77.9286
AEFV,77.9286
AFZXV,77.9286
AFZXWV,77.9286
CDZXWV,77.9286
ACDEFZWV,78
ACEFYXW,78
ACEFYXWV,78
ACEFZXV,78
ACEZYW,78
ACEZYXV,78
ACFZYXWV,78
ADFZXW,78
ADZXW,78
ACDEFZXWV,78.0714
ACDYWV,78.0714
ACDZWV,78.0714
ACDZYW,78.0714
ACDZYWV,78.0714
ACEFYW,78.0714
ACEZXV,78.0714
ACEZYV,78.0714
ACFYW,78.0714
ADEFXV,78.0714
ADFXWV,78.0714
ADYXV,78.0714
ADZXWV,78.0714
CDEFXWV,78.0714
CDFYXW,78.0714
CEFXW,78.0714
CEFZW,78.0714
CFZW,78.0714
ACDEFYWV,78.1429
ACDEZYXV,78.1429
ACDFV,78.1429
ACDFYV,78.1429
ACDFYWV,78.1429
ACEYXWV,78.1429
ACFYXW,78.1429
ACZXW,78.1429
AEFYW,78.1429
CDFZXW,78.1429
ACDEFYXWV,78.2143
ACDEFZXW,78.2143
ACDEZX,78.2143
ACDYW,78.2143
ACDZX,78.2143
ACDZYXV,78.2143
ACFZWV,78.2143
ACV,78.2143
ADFV,78.2143
CDFYW,78.2143
CEFWV,78.2143
ACDEFYV,78.2857
ACDEZXV,78.2857
ACFV,78.2857
ADEFV,78.2857
ADEYXW,78.2857
ADEZXW,78.2857
AFXV,78.2857
AFYW,78.2857
CFXW,78.2857
ACDEFYW,78.3571
ACDEZ,78.3571
ACDX,78.3571
ACEFZW,78.3571
ACEZXWV,78.3571
ACFYXV,78.3571
ACFYXWV,78.3571
ACFZXV,78.3571
ACWV,78.3571
ACDEFYXW,78.4286
ACDFYW,78.4286
ACDZXV,78.4286
ACEFZXWV,78.4286
ACFZXW,78.4286
ACFZXWV,78.4286
ADFWV,78.4286
ADFXV,78.4286
ADXW,78.4286
ADZXV,78.4286
AFYXW,78.4286
CDFX,78.4286
ACDEFXWV,78.5
ACDEZYW,78.5
ACDEZYWV,78.5
ACDFZXWV,78.5
ACEFZXW,78.5
ACEZYXWV,78.5
ACFZW,78.5
ADEFWV,78.5
ADEW,78.5
CDFXV,78.5
CFWV,78.5
ACDEFV,78.5714
ACDEFXV,78.5714
ACDFX,78.5714
ACDFYXWV,78.5714
ACDV,78.5714
ACDZYXW,78.5714
ACEFZWV,78.5714
ACEZV,78.5714
ACEZYWV,78.5714
CDEFWV,78.5714
ACDEYW,78.6429
ACDFYXW,78.6429
ACDYV,78.6429
ACEFV,78.6429
ACEFXWV,78.6429
ACDEFYXV,78.7143
ACDEYWV,78.7143
ACDEZYXW,78.7143
ACEZXW,78.7143
ACZW,78.7143
AEFXV,78.7143
ACDFXV,78.7857
ACDFZXW,78.7857
ACEXV,78.7857
ADEXW,78.7857
CDFXWV,78.7857
ACXV,78.8571
ACXWV,78.8571
ADEXV,78.8571
ADXV,78.8571
ADYXW,78.8571
AEFXWV,78.8571
AFWV,78.8571
CEFW,78.8571
ACDZW,78.9286
ACDZYXWV,78.9286
ACFXV,78.9286
ADEFXW,78.9286
CDFWV,78.9286
CFW,78.9286
ACDEYV,79
ACDZXWV,79
ACEZWV,79
AFXWV,79
ACEFXV,79.0714
CDEFXW,79.0714
ACDEYXV,79.1429
ACDEZWV,79.1429
ACDFYXV,79.1429
ACDWV,79.1429
ACEXWV,79.1429
AEFWV,79.1429
CDEFW,79.1429
ACDEYXW,79.2143
ACDYXV,79.2143
ACEFWV,79.2143
ACEV,79.2143
ACFXWV,79.2143
ACDEFWV,79.2857
ACDEV,79.2857
ACDEZYXWV,79.2857
ACDFXWV,79.2857
ACDYXWV,79.2857
ACFWV,79.3571
ACDEZXWV,79.4286
ACDYXW,79.4286
ACEFXW,79.4286
AEFXW,79.4286
ACDEFXW,79.5
ACW,79.5
ADFXW,79.5
ACDEYXWV,79.5714
ACDFWV,79.5714
ACDXW,79.5714
ACEFW,79.5714
ACEWV,79.5714
ACFXW,79.5714
ADFW,79.5714
ACDEFW,79.6429
ACDZXW,79.6429
ACXW,79.6429
ADEFW,79.6429
CDFW,79.6429
CDFXW,79.6429
ACDXWV,79.7143
ACDEXV,79.7857
ACEXW,79.7857
ACDXV,79.8571
AEFW,79.8571
AFW,79.8571
ACDEWV,79.9286
ACDEXW,79.9286
ACDEZW,79.9286
ACDFXW,79.9286
ACDW,79.9286
ACFW,79.9286
AFXW,79.9286
ACEZW,80
ACDEZXW,80.0714
ACDFW,80.0714
ACDEXWV,80.2143
ACDEW,80.3571
ACEW,80.3571
DEG,90.9286
DG,91.1429
CDFG,91.2143
CDG,91.2143
DFG,91.2143
ACDFG,91.2857
ACDG,91.2857
ADEG,91.2857
CDEFG,91.2857
CDEG,91.2857
DEFG,91.2857
ACDEFG,91.3571
ACDEG,91.3571
ADFG,91.3571
ADG,91.3571
ADEFG,91.4286
CEG,91.5
EG,91.5
ACEG,91.5714
ACG,91.5714
CEFG,91.5714
CFG,91.5714
EFG,91.5714
FG,91.5714
G,91.5714
ACEFG,91.6429
ACFG,91.6429
AEG,91.6429
AG,91.6429
CG,91.6429
AEFG,91.7143
AFG,91.7143
ADGZX,91.8571
DGZX,91.8571
ADEGZX,91.9286
DEGZX,91.9286
ACDEGZX,92
ACDGZX,92
CDEGZX,92.0714
CDGZX,92.0714
DEFGZX,92.0714
DFGZX,92.0714
GZYXV,92.0714
ACDEFGZX,92.1429
ACDFGZX,92.1429
ACGZYXV,92.1429
ADEFGZX,92.1429
ADFGZX,92.1429
ADGZ,92.1429
AGZYXV,92.1429
CDEFGZX,92.1429
CDFGZX,92.1429
CGZYX,92.1429
CGZYXV,92.1429
DGZ,92.1429
DGZYX,92.1429
DGZYXV,92.1429
EGZYXV,92.1429
GZYX,92.1429
GZYXWV,92.1429
ACDGZYXV,92.2143
ACEGZYXV,92.2143
ACGZYX,92.2143
ACGZYXWV,92.2143
ADEGZ,92.2143
ADGZYXV,92.2143
AEGZX,92.2143
AEGZYXV,92.2143
AGZX,92.2143
AGZYX,92.2143
AGZYXWV,92.2143
CDGZYX,92.2143
CDGZYXV,92.2143
CEGZYX,92.2143
CEGZYXV,92.2143
CGZYXWV,92.2143
DEFGYX,92.2143
DEGYX,92.2143
DEGZ,92.2143
DEGZYX,92.2143
DEGZYXV,92.2143
DFGYX,92.2143
DFGZYX,92.2143
DFGZYXV,92.2143
DGZYXWV,92.2143
EGYX,92.2143
EGZX,92.2143
EGZYX,92.2143
EGZYXWV,92.2143
FGYX,92.2143
FGZYXV,92.2143
GYX,92.2143
GZX,92.2143
GZYXW,92.2143
ACDEGZ,92.2857
ACDEGZYXV,92.2857
ACDFGZYXV,92.2857
ACDGZ,92.2857
ACDGZYX,92.2857
ACDGZYXWV,92.2857
ACEGYX,92.2857
ACEGZYX,92.2857
ACEGZYXWV,92.2857
ACFGZYXV,92.2857
ACGYX,92.2857
ACGZYXW,92.2857
ADEGZYXV,92.2857
ADFGZYXV,92.2857
ADGZYX,92.2857
ADGZYXWV,92.2857
AEGYX,92.2857
AEGZYX,92.2857
AEGZYXWV,92.2857
AFGZYXV,92.2857
AGYX,92.2857
AGZYXW,92.2857
CDEFGYX,92.2857
CDEGYX,92.2857
CDEGZYX,92.2857
CDEGZYXV,92.2857
CDFGYX,92.2857
CDFGZYX,92.2857
CDFGZYXV,92.2857
CDGZYXWV,92.2857
CEGYX,92.2857
CEGZYXWV,92.2857
CFGYX,92.2857
CFGZYX,92.2857
CFGZYXV,92.2857
CGYX,92.2857
CGZYXW,92.2857
DEFGZYX,92.2857
DEFGZYXV,92.2857
DEGZYXWV,92.2857
DFGZYXWV,92.2857
DGYX,92.2857
DGZYXW,92.2857
EFGZX,92.2857
EFGZYXV,92.2857
EGY,92.2857
EGZYXW,92.2857
FGY,92.2857
FGZX,92.2857
FGZYX,92.2857
FGZYXWV,92.2857
GY,92.2857
GZYWV,92.2857
ACDEFGYX,92.3571
ACDEFGZYXV,92.3571
ACDEGYX,92.3571
ACDEGZYX,92.3571
ACDEGZYXWV,92.3571
ACDFGYX,92.3571
ACDFGZYX,92.3571
ACDFGZYXWV,92.3571
ACDGYX,92.3571
ACDGZYXW,92.3571
ACEFGZYXV,92.3571
ACEGY,92.3571
ACEGZX,92.3571
ACEGZYXW,92.3571
ACFGYX,92.3571
ACFGZYX,92.3571
ACFGZYXWV,92.3571
ACGY,92.3571
ACGZX,92.3571
ACGZYWV,92.3571
ADEFGYX,92.3571
ADEFGZYXV,92.3571
ADEGYX,92.3571
ADEGZYX,92.3571
ADEGZYXWV,92.3571
ADFGYX,92.3571
ADFGZYX,92.3571
ADFGZYXWV,92.3571
ADGYX,92.3571
ADGZYXW,92.3571
AEFGZX,92.3571
AEFGZYXV,92.3571
AEGY,92.3571
AEGZYXW,92.3571
AFGYX,92.3571
AFGZX,92.3571
AFGZYX,92.3571
AFGZYXWV,92.3571
AGY,92.3571
AGZYWV,92.3571
CDEFGZYX,92.3571
CDEFGZYXV,92.3571
CDEGZ,92.3571
CDEGZYXWV,92.3571
CDFGZYXWV,92.3571
CDGYX,92.3571
CDGZ,92.3571
CDGZYXW,92.3571
CEFGZYX,92.3571
CEFGZYXV,92.3571
CEGY,92.3571
CEGZYXW,92.3571
CFGY,92.3571
CFGZYXWV,92.3571
CGY,92.3571
CGZYWV,92.3571
DEFGY,92.3571
DEFGZ,92.3571
DEFGZYXWV,92.3571
DEGY,92.3571
DEGZYXW,92.3571
DFGY,92.3571
DFGZ,92.3571
DFGZYXW,92.3571
DGZYWV,92.3571
EFGYX,92.3571
EFGZYX,92.3571
EFGZYXWV,92.3571
EGZYWV,92.3571
FGZYXW,92.3571
ACDEFGZ,92.4286
ACDEFGZYX,92.4286
ACDEFGZYXWV,92.4286
ACDEGZYXW,92.4286
ACDFGZ,92.4286
ACDFGZYXW,92.4286
ACDGZYWV,92.4286
ACEFGYX,92.4286
ACEFGZX,92.4286
ACEFGZYX,92.4286
ACEFGZYXWV,92.4286
ACEGZYWV,92.4286
ACFGY,92.4286
ACFGZX,92.4286
ACFGZYXW,92.4286
ADEFGZ,92.4286
ADEFGZYX,92.4286
ADEFGZYXWV,92.4286
ADEGZYXW,92.4286
ADFGZ,92.4286
ADFGZYXW,92.4286
ADGZYWV,92.4286
AEFGYX,92.4286
AEFGZYX,92.4286
AEFGZYXWV,92.4286
AEGZ,92.4286
AEGZYWV,92.4286
AFGY,92.4286
AFGZYXW,92.4286
AGZ,92.4286
CDEFGY,92.4286
CDEFGZ,92.4286
CDEFGZYXWV,92.4286
CDEGY,92.4286
CDEGZYXW,92.4286
CDFGY,92.4286
CDFGZ,92.4286
CDFGZYXW,92.4286
CDGZYWV,92.4286
CEFGYX,92.4286
CEFGZX,92.4286
CEFGZYXWV,92.4286
CEGZX,92.4286
CEGZYWV,92.4286
CFGZX,92.4286
CFGZYXW,92.4286
CGZX,92.4286
CGZY,92.4286
DEFGZYXW,92.4286
DEGZYWV,92.4286
DFGZYWV,92.4286
DGY,92.4286
DGZY,92.4286
EFGY,92.4286
EFGZYXW,92.4286
EGZ,92.4286
FGZYWV,92.4286
GZ,92.4286
GZY,92.4286
GZYV,92.4286
ACDEFGY,92.5
ACDEFGZYXW,92.5
ACDEGY,92.5
ACDEGZYWV,92.5
ACDFGY,92.5
ACDFGZYWV,92.5
ACDGY,92.5
ACEFGY,92.5
ACEFGZYXW,92.5
ACFGZYWV,92.5
ACGZY,92.5
ACGZYV,92.5
ADEFGY,92.5
ADEFGZYXW,92.5
ADEGY,92.5
ADEGZYWV,92.5
ADFGY,92.5
ADFGZYWV,92.5
ADGY,92.5
AEFGY,92.5
AEFGZYXW,92.5
AFGZYWV,92.5
AGZY,92.5
AGZYV,92.5
CDEFGZYXW,92.5
CDEGZYWV,92.5
CDFGZYWV,92.5
CDGY,92.5
CDGZY,92.5
CEFGY,92.5
CEFGZYXW,92.5
CEGZY,92.5
CFGZYWV,92.5
CGZYV,92.5
DEFGZYWV,92.5
DEGZY,92.5
DFGZY,92.5
DGZYV,92.5
EFGZ,92.5
EFGZYWV,92.5
EGZY,92.5
EGZYV,92.5
FGZ,92.5
GZYW,92.5
ACDEFGZYWV,92.5714
ACDGZY,92.5714
ACDGZYV,92.5714
ACEFGZYWV,92.5714
ACEGZ,92.5714
ACEGZY,92.5714
ACEGZYV,92.5714
ACGZ,92.5714
ACGZYW,92.5714
ADEFGZYWV,92.5714
ADGZY,92.5714
ADGZYV,92.5714
AEFGZ,92.5714
AEFGZYWV,92.5714
AEGZY,92.5714
AEGZYV,92.5714
AFGZ,92.5714
AGZYW,92.5714
CDEFGZYWV,92.5714
CDEGZY,92.5714
CDFGZY,92.5714
CDGZYV,92.5714
CEFGZYWV,92.5714
CEGZYV,92.5714
CFGZY,92.5714
CGZYW,92.5714
DEFGZY,92.5714
DEGX,92.5714
DEGZXV,92.5714
DEGZXW,92.5714
DEGZYV,92.5714
DFGZYV,92.5714
DGZXV,92.5714
DGZXW,92.5714
DGZYW,92.5714
EGZYW,92.5714
FGZY,92.5714
FGZYV,92.5714
ACDEGZXW,92.6429
ACDEGZY,92.6429
ACDEGZYV,92.6429
ACDFGZY,92.6429
ACDFGZYV,92.6429
ACDGZXW,92.6429
ACDGZYW,92.6429
ACEFGZ,92.6429
ACEGZYW,92.6429
ACFGZ,92.6429
ACFGZY,92.6429
ACFGZYV,92.6429
ADEGZXV,92.6429
ADEGZXW,92.6429
ADEGZY,92.6429
ADEGZYV,92.6429
ADFGZY,92.6429
ADFGZYV,92.6429
ADGZXV,92.6429
ADGZXW,92.6429
ADGZYW,92.6429
AEGZYW,92.6429
AFGZY,92.6429
AFGZYV,92.6429
CDEFGZY,92.6429
CDEGZXW,92.6429
CDEGZYV,92.6429
CDFGZYV,92.6429
CDGZXW,92.6429
CDGZYW,92.6429
CEFGZ,92.6429
CEFGZY,92.6429
CEGZ,92.6429
CEGZYW,92.6429
CFGZ,92.6429
CFGZYV,92.6429
CGZ,92.6429
DEFGZXW,92.6429
DEFGZYV,92.6429
DEGZYW,92.6429
DFGZXW,92.6429
DFGZYW,92.6429
EFGZY,92.6429
EFGZYV,92.6429
FGZYW,92.6429
ACDEFGZY,92.7143
ACDEFGZYV,92.7143
ACDEGZYW,92.7143
ACDFGZYW,92.7143
ACEFGZY,92.7143
ACEFGZYV,92.7143
ACEGYXWV,92.7143
ACFGZYW,92.7143
ADEFGZY,92.7143
ADEFGZYV,92.7143
ADEGZYW,92.7143
ADFGZYW,92.7143
AEFGZY,92.7143
AEFGZYV,92.7143
AFGZYW,92.7143
CDEFGZXW,92.7143
CDEFGZYV,92.7143
CDEGZYW,92.7143
CDFGZXW,92.7143
CDFGZYW,92.7143
CEFGZYV,92.7143
CEGYXWV,92.7143
CFGZYW,92.7143
DEFGZYW,92.7143
DEGYXWV,92.7143
EFGZYW,92.7143
EGYXWV,92.7143
EGZXV,92.7143
GZXV,92.7143
ACDEFGZXW,92.7857
ACDEFGZYW,92.7857
ACDEGYXWV,92.7857
ACDEGZXV,92.7857
ACDFGZXW,92.7857
ACDGZXV,92.7857
ACEFGZYW,92.7857
ACEGYXW,92.7857
ACGYXW,92.7857
ACGYXWV,92.7857
ADEFGZXW,92.7857
ADEFGZYW,92.7857
ADEGYXWV,92.7857
ADFGZXW,92.7857
AEFGZYW,92.7857
AEGYXWV,92.7857
AEGZXV,92.7857
AGZXV,92.7857
CDEFGZYW,92.7857
CDEGYXWV,92.7857
CDEGZXV,92.7857
CDGZXV,92.7857
CEFGZYW,92.7857
CEGYXW,92.7857
CGYXW,92.7857
CGYXWV,92.7857
DEFGYXWV,92.7857
DEGYXW,92.7857
DEGZW,92.7857
DFGYXW,92.7857
DFGYXWV,92.7857
DGYXWV,92.7857
DGZW,92.7857
EGX,92.7857
EGYXW,92.7857
GYXWV,92.7857
ACDEFGYXWV,92.8571
ACDEGYXW,92.8571
ACDEGZW,92.8571
ACDGYXW,92.8571
ACDGYXWV,92.8571
ACDGZW,92.8571
ACEFGYXWV,92.8571
ACEGYWV,92.8571
ADEFGYXWV,92.8571
ADEGX,92.8571
ADEGYXW,92.8571
ADEGZW,92.8571
ADGX,92.8571
ADGYXW,92.8571
ADGYXWV,92.8571
ADGZW,92.8571
AEGYXW,92.8571
AGYXW,92.8571
AGYXWV,92.8571
CDEFGYXWV,92.8571
CDEGX,92.8571
CDEGYXW,92.8571
CDEGZW,92.8571
CDFGYXW,92.8571
CDFGYXWV,92.8571
CDGX,92.8571
CDGYXW,92.8571
CDGYXWV,92.8571
CDGZW,92.8571
CEFGYXWV,92.8571
CEGYWV,92.8571
CFGYXW,92.8571
CFGYXWV,92.8571
DEFGYXW,92.8571
DEFGZW,92.8571
DEFGZXV,92.8571
DEGYWV,92.8571
DEGZXWV,92.8571
DFGX,92.8571
DFGZW,92.8571
DFGZXV,92.8571
DGX,92.8571
DGYXW,92.8571
DGZXWV,92.8571
EFGYXWV,92.8571
EGYWV,92.8571
EGZXW,92.8571
FGYXW,92.8571
FGYXWV,92.8571
GYXW,92.8571
GZXW,92.8571
ACDEFGYXW,92.9286
ACDEGX,92.9286
ACDEGYWV,92.9286
ACDEGZXWV,92.9286
ACDFGYXW,92.9286
ACDFGYXWV,92.9286
ACDGX,92.9286
ACDGZXWV,92.9286
ACEFGYXW,92.9286
ACEGZXV,92.9286
ACEGZXW,92.9286
ACFGYXW,92.9286
ACFGYXWV,92.9286
ACGZXV,92.9286
ACGZXW,92.9286
ADEFGYXW,92.9286
ADEGYWV,92.9286
ADEGZXWV,92.9286
ADFGYXW,92.9286
ADFGYXWV,92.9286
ADGZXWV,92.9286
AEFGYXWV,92.9286
AEGYWV,92.9286
AEGZXW,92.9286
AGZXW,92.9286
CDEFGX,92.9286
CDEFGYXW,92.9286
CDEFGZW,92.9286
CDEFGZXV,92.9286
CDEGYWV,92.9286
CDEGZXWV,92.9286
CDFGX,92.9286
CDFGZW,92.9286
CDFGZXV,92.9286
CDGZXWV,92.9286
CEFGYXW,92.9286
CEGZXV,92.9286
CEGZXW,92.9286
CGZXV,92.9286
CGZXW,92.9286
DEFGX,92.9286
DEFGYWV,92.9286
DEGZV,92.9286
DEGZWV,92.9286
DGZV,92.9286
DGZWV,92.9286
EFGYXW,92.9286
EFGZXV,92.9286
EFGZXW,92.9286
EGZXWV,92.9286
FGZXV,92.9286
FGZXW,92.9286
GZXWV,92.9286
ACDEFGX,93
ACDEFGYWV,93
ACDEFGZW,93
ACDEFGZXV,93
ACDEGZWV,93
ACDFGX,93
ACDFGZW,93
ACDFGZXV,93
ACDGZWV,93
ACEFGYWV,93
ACEGZXWV,93
ACGZXWV,93
ADEFGYWV,93
ADEFGZW,93
ADEFGZXV,93
ADEGZV,93
ADEGZWV,93
ADFGX,93
ADFGZW,93
ADFGZXV,93
ADGZV,93
ADGZWV,93
AEFGYXW,93
AEGZXWV,93
AFGYXW,93
AFGYXWV,93
AGZXWV,93
CDEFGYWV,93
CDEGZWV,93
CDGZWV,93
CEFGYWV,93
CEFGZXV,93
CEFGZXW,93
CEGZXWV,93
CFGZXV,93
CFGZXW,93
CGZXWV,93
DEFGZXWV,93
DFGZXWV,93
EFGYWV,93
EGZWV,93
GZWV,93
ACEFGZXV,93.0714
ACEFGZXW,93.0714
ACEGYV,93.0714
ACEGZWV,93.0714
ACFGZXV,93.0714
ACFGZXW,93.0714
ACGYWV,93.0714
ACGZWV,93.0714
ADEFGX,93.0714
AEFGYWV,93.0714
AEFGZXV,93.0714
AEFGZXW,93.0714
AEGX,93.0714
AEGZWV,93.0714
AFGZXV,93.0714
AFGZXW,93.0714
AGX,93.0714
AGZWV,93.0714
CDEFGZXWV,93.0714
CDFGZXWV,93.0714
CEGX,93.0714
CEGYV,93.0714
CEGZWV,93.0714
CGYWV,93.0714
CGZWV,93.0714
DEFGZWV,93.0714
DFGYWV,93.0714
DFGZWV,93.0714
DGYWV,93.0714
EFGZXWV,93.0714
EGZV,93.0714
EGZW,93.0714
FGZXWV,93.0714
GX,93.0714
GYWV,93.0714
GZV,93.0714
GZW,93.0714
ACDEFGZXWV,93.1429
ACDEGYV,93.1429
ACDEGZV,93.1429
ACDFGZXWV,93.1429
ACDGYWV,93.1429
ACDGZV,93.1429
ACEGX,93.1429
ACEGYW,93.1429
ACEGYXV,93.1429
ACEGZW,93.1429
ACGX,93.1429
ACGYW,93.1429
ACGYXV,93.1429
ACGZW,93.1429
ADEFGZXWV,93.1429
ADEGXV,93.1429
ADFGZXWV,93.1429
ADGXV,93.1429
ADGYWV,93.1429
AEGZV,93.1429
AEGZW,93.1429
AGYWV,93.1429
AGZV,93.1429
AGZW,93.1429
CDEFGZWV,93.1429
CDEGYV,93.1429
CDEGZV,93.1429
CDFGYWV,93.1429
CDFGZWV,93.1429
CDGYWV,93.1429
CDGZV,93.1429
CEFGZXWV,93.1429
CEGYW,93.1429
CEGYXV,93.1429
CEGZW,93.1429
CFGYWV,93.1429
CFGZXWV,93.1429
CGX,93.1429
CGYW,93.1429
CGYXV,93.1429
CGZW,93.1429
DEGXV,93.1429
DEGYV,93.1429
DEGYW,93.1429
DFGYW,93.1429
DGXV,93.1429
EFGZW,93.1429
EFGZWV,93.1429
EGYV,93.1429
EGYW,93.1429
FGYWV,93.1429
FGZW,93.1429
FGZWV,93.1429
ACDEFGYV,93.2143
ACDEFGZWV,93.2143
ACDEGYW,93.2143
ACDEGYXV,93.2143
ACDFGYWV,93.2143
ACDFGZWV,93.2143
ACDGXV,93.2143
ACDGYW,93.2143
ACDGYXV,93.2143
ACEFGYV,93.2143
ACEFGZXWV,93.2143
ACFGYWV,93.2143
ACFGZXWV,93.2143
ADEFGZWV,93.2143
ADEGYV,93.2143
ADEGYW,93.2143
ADFGYWV,93.2143
ADFGZWV,93.2143
ADGYW,93.2143
AEFGZXWV,93.2143
AEGV,93.2143
AEGYV,93.2143
AEGYW,93.2143
AFGZXWV,93.2143
AGYW,93.2143
CDEFGYV,93.2143
CDEGYW,93.2143
CDEGYXV,93.2143
CDFGYW,93.2143
CDFGYXV,93.2143
CDGXV,93.2143
CDGYW,93.2143
CDGYXV,93.2143
CEFGX,93.2143
CEFGYV,93.2143
CEFGZW,93.2143
CEFGZWV,93.2143
CFGX,93.2143
CFGYW,93.2143
CFGYXV,93.2143
CFGZW,93.2143
CFGZWV,93.2143
DEFGYV,93.2143
DEFGYW,93.2143
DEFGZV,93.2143
DEGYXV,93.2143
DFGYXV,93.2143
DFGZV,93.2143
DGYW,93.2143
DGYXV,93.2143
EFGX,93.2143
EGV,93.2143
EGYXV,93.2143
FGX,93.2143
FGYW,93.2143
GYW,93.2143
GYXV,93.2143
ACDEFGYW,93.2857
ACDEFGYXV,93.2857
ACDEGXV,93.2857
ACDFGYW,93.2857
ACDFGYXV,93.2857
ACEFGX,93.2857
ACEFGYW,93.2857
ACEFGYXV,93.2857
ACEFGZW,93.2857
ACEFGZWV,93.2857
ACEGZV,93.2857
ACFGX,93.2857
ACFGYW,93.2857
ACFGYXV,93.2857
ACFGZW,93.2857
ACFGZWV,93.2857
ACGYV,93.2857
ACGZV,93.2857
ADEFGYV,93.2857
ADEFGYW,93.2857
ADEGYXV,93.2857
ADFGYW,93.2857
ADGYXV,93.2857
AEFGZW,93.2857
AEFGZWV,93.2857
AEGXV,93.2857
AEGYXV,93.2857
AFGYWV,93.2857
AFGZW,93.2857
AFGZWV,93.2857
AGXV,93.2857
AGYXV,93.2857
CDEFGYW,93.2857
CDEFGYXV,93.2857
CDEFGZV,93.2857
CDEGXV,93.2857
CDFGZV,93.2857
CEFGYW,93.2857
CEFGYXV,93.2857
CEGZV,93.2857
CGYV,93.2857
CGZV,93.2857
DEFGYXV,93.2857
EFGYV,93.2857
EFGYW,93.2857
EFGZV,93.2857
EGXV,93.2857
FGYXV,93.2857
FGZV,93.2857
GXV,93.2857
ACDEFGZV,93.3571
ACDEGXWV,93.3571
ACDFGZV,93.3571
ACDGXWV,93.3571
ACDGYV,93.3571
ACEGV,93.3571
ACEGXWV,93.3571
ACGXV,93.3571
ACGXWV,93.3571
ADEFGYXV,93.3571
ADEFGZV,93.3571
ADEGV,93.3571
ADEGXWV,93.3571
ADFGYXV,93.3571
ADFGZV,93.3571
ADGXWV,93.3571
AEFGX,93.3571
AEFGYV,93.3571
AEFGYW,93.3571
AEGXWV,93.3571
AFGX,93.3571
AFGYW,93.3571
AGXWV,93.3571
CDEGXWV,93.3571
CDFGXV,93.3571
CDFGYV,93.3571
CDGXWV,93.3571
CDGYV,93.3571
CEFGZV,93.3571
CEGV,93.3571
CEGXWV,93.3571
CFGYV,93.3571
CFGZV,93.3571
CGXV,93.3571
CGXWV,93.3571
DEGV,93.3571
DEGXWV,93.3571
DFGYV,93.3571
DGXWV,93.3571
DGYV,93.3571
EFGYXV,93.3571
EGXWV,93.3571
GXWV,93.3571
GYV,93.3571
ACDFGXV,93.4286
ACDFGYV,93.4286
ACEFGZV,93.4286
ACEGXV,93.4286
ACFGYV,93.4286
ACFGZV,93.4286
ADGYV,93.4286
AEFGYXV,93.4286
AEFGZV,93.4286
AFGYXV,93.4286
AFGZV,93.4286
AGV,93.4286
AGYV,93.4286
CDEFGXV,93.4286
CEFGV,93.4286
CEGXV,93.4286
CFGXV,93.4286
DEFGXV,93.4286
DFGXV,93.4286
EFGV,93.4286
FGYV,93.4286
GV,93.4286
ACDEFGXV,93.5
ACDEGV,93.5
ACDEGWV,93.5
ACEFGV,93.5
ACFGXV,93.5
ACGV,93.5
ADEGWV,93.5
ADFGYV,93.5
CDEFGXWV,93.5
CDEGV,93.5
CDEGWV,93.5
CDFGXWV,93.5
CEFGXV,93.5
CEFGXWV,93.5
CFGXWV,93.5
CGV,93.5
DEFGXWV,93.5
DEGWV,93.5
DFGXWV,93.5
EFGXV,93.5
EFGXWV,93.5
FGXV,93.5
FGXWV,93.5
ACDEFGXWV,93.5714
ACDFGXWV,93.5714
ACEFGXV,93.5714
ACEFGXWV,93.5714
ACEGWV,93.5714
ACFGXWV,93.5714
ADEFGXV,93.5714
ADFGXV,93.5714
ADGV,93.5714
AEFGV,93.5714
AEGWV,93.5714
AFGYV,93.5714
CDEFGV,93.5714
CEGWV,93.5714
CFGV,93.5714
DEFGV,93.5714
DGV,93.5714
EGWV,93.5714
ACDEFGV,93.6429
ACDGV,93.6429
ACDGWV,93.6429
ACFGV,93.6429
ADEFGXWV,93.6429
ADFGXWV,93.6429
ADGWV,93.6429
AEFGXV,93.6429
AEFGXWV,93.6429
AFGXV,93.6429
AFGXWV,93.6429
CDEFGWV,93.6429
CDGV,93.6429
CDGWV,93.6429
DEFGWV,93.6429
DGWV,93.6429
FGV,93.6429
ACDEFGWV,93.7143
ACGWV,93.7143
ADEFGV,93.7143
AGWV,93.7143
CDFGV,93.7143
CEFGWV,93.7143
CGWV,93.7143
EFGWV,93.7143
GWV,93.7143
ACDEGXW,93.7857
ACDFGV,93.7857
ACDGXW,93.7857
ACEFGWV,93.7857
ACEGXW,93.7857
ACGXW,93.7857
ADEFGWV,93.7857
ADEGXW,93.7857
ADGXW,93.7857
AEGXW,93.7857
AFGV,93.7857
AGXW,93.7857
CDEGXW,93.7857
CDFGWV,93.7857
CDGXW,93.7857
CEGXW,93.7857
CGXW,93.7857
DEGXW,93.7857
DFGV,93.7857
DFGWV,93.7857
DGXW,93.7857
EGXW,93.7857
GXW,93.7857
ACDFGWV,93.8571
AEFGWV,93.8571
CDEFGXW,93.8571
CDFGXW,93.8571
CEFGXW,93.8571
CFGWV,93.8571
CFGXW,93.8571
DEFGXW,93.8571
DFGXW,93.8571
EFGXW,93.8571
FGWV,93.8571
FGXW,93.8571
ACDEFGXW,93.9286
ACDEGW,93.9286
ACDFGXW,93.9286
ACEFGXW,93.9286
ACFGWV,93.9286
ACFGXW,93.9286
ADEGW,93.9286
ADFGV,93.9286
ADFGWV,93.9286
CDEGW,93.9286
DEGW,93.9286
ACEGW,94
ADEFGXW,94
ADFGXW,94
AEFGXW,94
AEGW,94
AFGWV,94
AFGXW,94
CDEFGW,94
CEGW,94
DEFGW,94
EGW,94
ACDEFGW,94.0714
ACDGW,94.0714
ADGW,94.0714
CDGW,94.0714
CEFGW,94.0714
DGW,94.0714
EFGW,94.0714
ACEFGW,94.1429
ACGW,94.1429
ADEFGW,94.1429
AGW,94.1429
CDFGW,94.1429
CGW,94.1429
DFGW,94.1429
GW,94.1429
ACDFGW,94.2143
AEFGW,94.2143
CFGW,94.2143
FGW,94.2143
ACFGW,94.2857
ADFGW,94.2857
AFGW,94.3571
AB,100
ABC,100
ABCD,100
ABCDE,100
ABCDEF,100
ABCDEFG,100
ABCDEFGV,100
ABCDEFGW,100
ABCDEFGWV,100
ABCDEFGX,100
ABCDEFGXV,100
ABCDEFGXW,100
ABCDEFGXWV,100
ABCDEFGY,100
ABCDEFGYV,100
ABCDEFGYW,100
ABCDEFGYWV,100
ABCDEFGYX,100
ABCDEFGYXV,100
ABCDEFGYXW,100
ABCDEFGYXWV,100
ABCDEFGZ,100
ABCDEFGZV,100
ABCDEFGZW,100
ABCDEFGZWV,100
ABCDEFGZX,100
ABCDEFGZXV,100
ABCDEFGZXW,100
ABCDEFGZXWV,100
ABCDEFGZY,100
ABCDEFGZYV,100
ABCDEFGZYW,100
ABCDEFGZYWV,100
ABCDEFGZYX,100
ABCDEFGZYXV,100
ABCDEFGZYXW,100
ABCDEFGZYXWV,100
ABCDEFV,100
ABCDEFW,100
ABCDEFWV,100
ABCDEFX,100
ABCDEFXV,100
ABCDEFXW,100
ABCDEFXWV,100
ABCDEFY,100
ABCDEFYV,100
ABCDEFYW,100
ABCDEFYWV,100
ABCDEFYX,100
ABCDEFYXV,100
ABCDEFYXW,100
ABCDEFYXWV,100
ABCDEFZ,100
ABCDEFZV,100
ABCDEFZW,100
ABCDEFZWV,100
ABCDEFZX,100
ABCDEFZXV,100
ABCDEFZXW,100
ABCDEFZXWV,100
ABCDEFZY,100
ABCDEFZYV,100
ABCDEFZYW,100
ABCDEFZYWV,100
ABCDEFZYX,100
ABCDEFZYXV,100
ABCDEFZYXW,100
ABCDEFZYXWV,100
ABCDEG,100
ABCDEGV,100
ABCDEGW,100
ABCDEGWV,100
ABCDEGX,100
ABCDEGXV,100
ABCDEGXW,100
ABCDEGXWV,100
ABCDEGY,100
ABCDEGYV,100
ABCDEGYW,100
ABCDEGYWV,100
ABCDEGYX,100
ABCDEGYXV,100
ABCDEGYXW,100
ABCDEGYXWV,100
ABCDEGZ,100
ABCDEGZV,100
ABCDEGZW,100
ABCDEGZWV,100
ABCDEGZX,100
ABCDEGZXV,100
ABCDEGZXW,100
ABCDEGZXWV,100
ABCDEGZY,100
ABCDEGZYV,100
ABCDEGZYW,100
ABCDEGZYWV,100
ABCDEGZYX,100
ABCDEGZYXV,100
ABCDEGZYXW,100
ABCDEGZYXWV,100
ABCDEV,100
ABCDEW,100
ABCDEWV,100
ABCDEX,100
ABCDEXV,100
ABCDEXW,100
ABCDEXWV,100
ABCDEY,100
ABCDEYV,100
ABCDEYW,100
ABCDEYWV,100
ABCDEYX,100
ABCDEYXV,100
ABCDEYXW,100
ABCDEYXWV,100
ABCDEZ,100
ABCDEZV,100
ABCDEZW,100
ABCDEZWV,100
ABCDEZX,100
ABCDEZXV,100
ABCDEZXW,100
ABCDEZXWV,100
ABCDEZY,100
ABCDEZYV,100
ABCDEZYW,100
ABCDEZYWV,100
ABCDEZYX,100
ABCDEZYXV,100
ABCDEZYXW,100
ABCDEZYXWV,100
ABCDF,100
ABCDFG,100
ABCDFGV,100
ABCDFGW,100
ABCDFGWV,100
ABCDFGX,100
ABCDFGXV,100
ABCDFGXW,100
ABCDFGXWV,100
ABCDFGY,100
ABCDFGYV,100
ABCDFGYW,100
ABCDFGYWV,100
ABCDFGYX,100
ABCDFGYXV,100
ABCDFGYXW,100
ABCDFGYXWV,100
ABCDFGZ,100
ABCDFGZV,100
ABCDFGZW,100
ABCDFGZWV,100
ABCDFGZX,100
ABCDFGZXV,100
ABCDFGZXW,100
ABCDFGZXWV,100
ABCDFGZY,100
ABCDFGZYV,100
ABCDFGZYW,100
ABCDFGZYWV,100
ABCDFGZYX,100
ABCDFGZYXV,100
ABCDFGZYXW,100
ABCDFGZYXWV,100
ABCDFV,100
ABCDFW,100
ABCDFWV,100
ABCDFX,100
ABCDFXV,100
ABCDFXW,100
ABCDFXWV,100
ABCDFY,100
ABCDFYV,100
ABCDFYW,100
ABCDFYWV,100
ABCDFYX,100
ABCDFYXV,100
ABCDFYXW,100
ABCDFYXWV,100
ABCDFZ,100
ABCDFZV,100
ABCDFZW,100
ABCDFZWV,100
ABCDFZX,100
ABCDFZXV,100
ABCDFZXW,100
ABCDFZXWV,100
ABCDFZY,100
ABCDFZYV,100
ABCDFZYW,100
ABCDFZYWV,100
ABCDFZYX,100
ABCDFZYXV,100
ABCDFZYXW,100
ABCDFZYXWV,100
ABCDG,100
ABCDGV,100
ABCDGW,100
ABCDGWV,100
ABCDGX,100
ABCDGXV,100
ABCDGXW,100
ABCDGXWV,100
ABCDGY,100
ABCDGYV,100
ABCDGYW,100
ABCDGYWV,100
ABCDGYX,100
ABCDGYXV,100
ABCDGYXW,100
ABCDGYXWV,100
ABCDGZ,100
ABCDGZV,100
ABCDGZW,100
ABCDGZWV,100
ABCDGZX,100
ABCDGZXV,100
ABCDGZXW,100
ABCDGZXWV,100
ABCDGZY,100
ABCDGZYV,100
ABCDGZYW,100
ABCDGZYWV,100
ABCDGZYX,100
ABCDGZYXV,100
ABCDGZYXW,100
ABCDGZYXWV,100
ABCDV,100
ABCDW,100
ABCDWV,100
ABCDX,100
ABCDXV,100
ABCDXW,100
ABCDXWV,100
ABCDY,100
ABCDYV,100
ABCDYW,100
ABCDYWV,100
ABCDYX,100
ABCDYXV,100
ABCDYXW,100
ABCDYXWV,100
ABCDZ,100
ABCDZV,100
ABCDZW,100
ABCDZWV,100
ABCDZX,100
ABCDZXV,100
ABCDZXW,100
ABCDZXWV,100
ABCDZY,100
ABCDZYV,100
ABCDZYW,100
ABCDZYWV,100
ABCDZYX,100
ABCDZYXV,100
ABCDZYXW,100
ABCDZYXWV,100
ABCE,100
ABCEF,100
ABCEFG,100
ABCEFGV,100
ABCEFGW,100
ABCEFGWV,100
ABCEFGX,100
ABCEFGXV,100
ABCEFGXW,100
ABCEFGXWV,100
ABCEFGY,100
ABCEFGYV,100
ABCEFGYW,100
ABCEFGYWV,100
ABCEFGYX,100
ABCEFGYXV,100
ABCEFGYXW,100
ABCEFGYXWV,100
ABCEFGZ,100
ABCEFGZV,100
ABCEFGZW,100
ABCEFGZWV,100
ABCEFGZX,100
ABCEFGZXV,100
ABCEFGZXW,100
ABCEFGZXWV,100
ABCEFGZY,100
ABCEFGZYV,100
ABCEFGZYW,100
ABCEFGZYWV,100
ABCEFGZYX,100
ABCEFGZYXV,100
ABCEFGZYXW,100
ABCEFGZYXWV,100
ABCEFV,100
ABCEFW,100
ABCEFWV,100
ABCEFX,100
ABCEFXV,100
ABCEFXW,100
ABCEFXWV,100
ABCEFY,100
ABCEFYV,100
ABCEFYW,100
ABCEFYWV,100
ABCEFYX,100
ABCEFYXV,100
ABCEFYXW,100
ABCEFYXWV,100
ABCEFZ,100
ABCEFZV,100
ABCEFZW,100
ABCEFZWV,100
ABCEFZX,100
ABCEFZXV,100
ABCEFZXW,100
ABCEFZXWV,100
ABCEFZY,100
ABCEFZYV,100
ABCEFZYW,100
ABCEFZYWV,100
ABCEFZYX,100
ABCEFZYXV,100
ABCEFZYXW,100
ABCEFZYXWV,100
ABCEG,100
ABCEGV,100
ABCEGW,100
ABCEGWV,100
ABCEGX,100
ABCEGXV,100
ABCEGXW,100
ABCEGXWV,100
ABCEGY,100
ABCEGYV,100
ABCEGYW,100
ABCEGYWV,100
ABCEGYX,100
ABCEGYXV,100
ABCEGYXW,100
ABCEGYXWV,100
ABCEGZ,100
ABCEGZV,100
ABCEGZW,100
ABCEGZWV,100
ABCEGZX,100
ABCEGZXV,100
ABCEGZXW,100
ABCEGZXWV,100
ABCEGZY,100
ABCEGZYV,100
ABCEGZYW,100
ABCEGZYWV,100
ABCEGZYX,100
ABCEGZYXV,100
ABCEGZYXW,100
ABCEGZYXWV,100
ABCEV,100
ABCEW,100
ABCEWV,100
ABCEX,100
ABCEXV,100
ABCEXW,100
ABCEXWV,100
ABCEY,100
ABCEYV,100
ABCEYW,100
ABCEYWV,100
ABCEYX,100
ABCEYXV,100
ABCEYXW,100
ABCEYXWV,100
ABCEZ,100
ABCEZV,100
ABCEZW,100
ABCEZWV,100
ABCEZX,100
ABCEZXV,100
ABCEZXW,100
ABCEZXWV,100
ABCEZY,100
ABCEZYV,100
ABCEZYW,100
ABCEZYWV,100
ABCEZYX,100
ABCEZYXV,100
ABCEZYXW,100
ABCEZYXWV,100
ABCF,100
ABCFG,100
ABCFGV,100
ABCFGW,100
ABCFGWV,100
ABCFGX,100
ABCFGXV,100
ABCFGXW,100
ABCFGXWV,100
ABCFGY,100
ABCFGYV,100
ABCFGYW,100
ABCFGYWV,100
ABCFGYX,100
ABCFGYXV,100
ABCFGYXW,100
ABCFGYXWV,100
ABCFGZ,100
ABCFGZV,100
ABCFGZW,100
ABCFGZWV,100
ABCFGZX,100
ABCFGZXV,100
ABCFGZXW,100
ABCFGZXWV,100
ABCFGZY,100
ABCFGZYV,100
ABCFGZYW,100
ABCFGZYWV,100
ABCFGZYX,100
ABCFGZYXV,100
ABCFGZYXW,100
ABCFGZYXWV,100
ABCFV,100
ABCFW,100
ABCFWV,100
ABCFX,100
ABCFXV,100
ABCFXW,100
ABCFXWV,100
ABCFY,100
ABCFYV,100
ABCFYW,100
ABCFYWV,100
ABCFYX,100
ABCFYXV,100
ABCFYXW,100
ABCFYXWV,100
ABCFZ,100
ABCFZV,100
ABCFZW,100
ABCFZWV,100
ABCFZX,100
ABCFZXV,100
ABCFZXW,100
ABCFZXWV,100
ABCFZY,100
ABCFZYV,100
ABCFZYW,100
ABCFZYWV,100
ABCFZYX,100
ABCFZYXV,100
ABCFZYXW,100
ABCFZYXWV,100
ABCG,100
ABCGV,100
ABCGW,100
ABCGWV,100
ABCGX,100
ABCGXV,100
ABCGXW,100
ABCGXWV,100
ABCGY,100
ABCGYV,100
ABCGYW,100
ABCGYWV,100
ABCGYX,100
ABCGYXV,100
ABCGYXW,100
ABCGYXWV,100
ABCGZ,100
ABCGZV,100
ABCGZW,100
ABCGZWV,100
ABCGZX,100
ABCGZXV,100
ABCGZXW,100
ABCGZXWV,100
ABCGZY,100
ABCGZYV,100
ABCGZYW,100
ABCGZYWV,100
ABCGZYX,100
ABCGZYXV,100
ABCGZYXW,100
ABCGZYXWV,100
ABCV,100
ABCW,100
ABCWV,100
ABCX,100
ABCXV,100
ABCXW,100
ABCXWV,100
ABCY,100
ABCYV,100
ABCYW,100
ABCYWV,100
ABCYX,100
ABCYXV,100
ABCYXW,100
ABCYXWV,100
ABCZ,100
ABCZV,100
ABCZW,100
ABCZWV,100
ABCZX,100
ABCZXV,100
ABCZXW,100
ABCZXWV,100
ABCZY,100
ABCZYV,100
ABCZYW,100
ABCZYWV,100
ABCZYX,100
ABCZYXV,100
ABCZYXW,100
ABCZYXWV,100
ABD,100
ABDE,100
ABDEF,100
ABDEFG,100
ABDEFGV,100
ABDEFGW,100
ABDEFGWV,100
ABDEFGX,100
ABDEFGXV,100
ABDEFGXW,100
ABDEFGXWV,100
ABDEFGY,100
ABDEFGYV,100
ABDEFGYW,100
ABDEFGYWV,100
ABDEFGYX,100
ABDEFGYXV,100
ABDEFGYXW,100
ABDEFGYXWV,100
ABDEFGZ,100
ABDEFGZV,100
ABDEFGZW,100
ABDEFGZWV,100
ABDEFGZX,100
ABDEFGZXV,100
ABDEFGZXW,100
ABDEFGZXWV,100
ABDEFGZY,100
ABDEFGZYV,100
ABDEFGZYW,100
ABDEFGZYWV,100
ABDEFGZYX,100
ABDEFGZYXV,100
ABDEFGZYXW,100
ABDEFGZYXWV,100
ABDEFV,100
ABDEFW,100
ABDEFWV,100
ABDEFX,100
ABDEFXV,100
ABDEFXW,100
ABDEFXWV,100
ABDEFY,100
ABDEFYV,100
ABDEFYW,100
ABDEFYWV,100
ABDEFYX,100
ABDEFYXV,100
ABDEFYXW,100
ABDEFYXWV,100
ABDEFZ,100
ABDEFZV,100
ABDEFZW,100
ABDEFZWV,100
ABDEFZX,100
ABDEFZXV,100
ABDEFZXW,100
ABDEFZXWV,100
ABDEFZY,100
ABDEFZYV,100
ABDEFZYW,100
ABDEFZYWV,100
ABDEFZYX,100
ABDEFZYXV,100
ABDEFZYXW,100
ABDEFZYXWV,100
ABDEG,100
ABDEGV,100
ABDEGW,100
ABDEGWV,100
ABDEGX,100
ABDEGXV,100
ABDEGXW,100
ABDEGXWV,100
ABDEGY,100
ABDEGYV,100
ABDEGYW,100
ABDEGYWV,100
ABDEGYX,100
ABDEGYXV,100
ABDEGYXW,100
ABDEGYXWV,100
ABDEGZ,100
ABDEGZV,100
ABDEGZW,100
ABDEGZWV,100
ABDEGZX,100
ABDEGZXV,100
ABDEGZXW,100
ABDEGZXWV,100
ABDEGZY,100
ABDEGZYV,100
ABDEGZYW,100
ABDEGZYWV,100
ABDEGZYX,100
ABDEGZYXV,100
ABDEGZYXW,100
ABDEGZYXWV,100
ABDEV,100
ABDEW,100
ABDEWV,100
ABDEX,100
ABDEXV,100
ABDEXW,100
ABDEXWV,100
ABDEY,100
ABDEYV,100
ABDEYW,100
ABDEYWV,100
ABDEYX,100
ABDEYXV,100
ABDEYXW,100
ABDEYXWV,100
ABDEZ,100
ABDEZV,100
ABDEZW,100
ABDEZWV,100
ABDEZX,100
ABDEZXV,100
ABDEZXW,100
ABDEZXWV,100
ABDEZY,100
ABDEZYV,100
ABDEZYW,100
ABDEZYWV,100
ABDEZYX,100
ABDEZYXV,100
ABDEZYXW,100
ABDEZYXWV,100
ABDF,100
ABDFG,100
ABDFGV,100
ABDFGW,100
ABDFGWV,100
ABDFGX,100
ABDFGXV,100
ABDFGXW,100
ABDFGXWV,100
ABDFGY,100
ABDFGYV,100
ABDFGYW,100
ABDFGYWV,100
ABDFGYX,100
ABDFGYXV,100
ABDFGYXW,100
ABDFGYXWV,100
ABDFGZ,100
ABDFGZV,100
ABDFGZW,100
ABDFGZWV,100
ABDFGZX,100
ABDFGZXV,100
ABDFGZXW,100
ABDFGZXWV,100
ABDFGZY,100
ABDFGZYV,100
ABDFGZYW,100
ABDFGZYWV,100
ABDFGZYX,100
ABDFGZYXV,100
ABDFGZYXW,100
ABDFGZYXWV,100
ABDFV,100
ABDFW,100
ABDFWV,100
ABDFX,100
ABDFXV,100
ABDFXW,100
ABDFXWV,100
ABDFY,100
ABDFYV,100
ABDFYW,100
ABDFYWV,100
ABDFYX,100
ABDFYXV,100
ABDFYXW,100
ABDFYXWV,100
ABDFZ,100
ABDFZV,100
ABDFZW,100
ABDFZWV,100
ABDFZX,100
ABDFZXV,100
ABDFZXW,100
ABDFZXWV,100
ABDFZY,100
ABDFZYV,100
ABDFZYW,100
ABDFZYWV,100
ABDFZYX,100
ABDFZYXV,100
ABDFZYXW,100
ABDFZYXWV,100
ABDG,100
ABDGV,100
ABDGW,100
ABDGWV,100
ABDGX,100
ABDGXV,100
ABDGXW,100
ABDGXWV,100
ABDGY,100
ABDGYV,100
ABDGYW,100
ABDGYWV,100
ABDGYX,100
ABDGYXV,100
ABDGYXW,100
ABDGYXWV,100
ABDGZ,100
ABDGZV,100
ABDGZW,100
ABDGZWV,100
ABDGZX,100
ABDGZXV,100
ABDGZXW,100
ABDGZXWV,100
ABDGZY,100
ABDGZYV,100
ABDGZYW,100
ABDGZYWV,100
ABDGZYX,100
ABDGZYXV,100
ABDGZYXW,100
ABDGZYXWV,100
ABDV,100
ABDW,100
ABDWV,100
ABDX,100
ABDXV,100
ABDXW,100
ABDXWV,100
ABDY,100
ABDYV,100
ABDYW,100
ABDYWV,100
ABDYX,100
ABDYXV,100
ABDYXW,100
ABDYXWV,100
ABDZ,100
ABDZV,100
ABDZW,100
ABDZWV,100
ABDZX,100
ABDZXV,100
ABDZXW,100
ABDZXWV,100
ABDZY,100
ABDZYV,100
ABDZYW,100
ABDZYWV,100
ABDZYX,100
ABDZYXV,100
ABDZYXW,100
ABDZYXWV,100
ABE,100
ABEF,100
ABEFG,100
ABEFGV,100
ABEFGW,100
ABEFGWV,100
ABEFGX,100
ABEFGXV,100
ABEFGXW,100
ABEFGXWV,100
ABEFGY,100
ABEFGYV,100
ABEFGYW,100
ABEFGYWV,100
ABEFGYX,100
ABEFGYXV,100
ABEFGYXW,100
ABEFGYXWV,100
ABEFGZ,100
ABEFGZV,100
ABEFGZW,100
ABEFGZWV,100
ABEFGZX,100
ABEFGZXV,100
ABEFGZXW,100
ABEFGZXWV,100
ABEFGZY,100
ABEFGZYV,100
ABEFGZYW,100
ABEFGZYWV,100
ABEFGZYX,100
ABEFGZYXV,100
ABEFGZYXW,100
ABEFGZYXWV,100
ABEFV,100
ABEFW,100
ABEFWV,100
ABEFX,100
ABEFXV,100
ABEFXW,100
ABEFXWV,100
ABEFY,100
ABEFYV,100
ABEFYW,100
ABEFYWV,100
ABEFYX,100
ABEFYXV,100
ABEFYXW,100
ABEFYXWV,100
ABEFZ,100
ABEFZV,100
ABEFZW,100
ABEFZWV,100
ABEFZX,100
ABEFZXV,100
ABEFZXW,100
ABEFZXWV,100
ABEFZY,100
ABEFZYV,100
ABEFZYW,100
ABEFZYWV,100
ABEFZYX,100
ABEFZYXV,100
ABEFZYXW,100
ABEFZYXWV,100
ABEG,100
ABEGV,100
ABEGW,100
ABEGWV,100
ABEGX,100
ABEGXV,100
ABEGXW,100
ABEGXWV,100
ABEGY,100
ABEGYV,100
ABEGYW,100
ABEGYWV,100
ABEGYX,100
ABEGYXV,100
ABEGYXW,100
ABEGYXWV,100
ABEGZ,100
ABEGZV,100
ABEGZW,100
ABEGZWV,100
ABEGZX,100
ABEGZXV,100
ABEGZXW,100
ABEGZXWV,100
ABEGZY,100
ABEGZYV,100
ABEGZYW,100
ABEGZYWV,100
ABEGZYX,100
ABEGZYXV,100
ABEGZYXW,100
ABEGZYXWV,100
ABEV,100
ABEW,100
ABEWV,100
ABEX,100
ABEXV,100
ABEXW,100
ABEXWV,100
ABEY,100
ABEYV,100
ABEYW,100
ABEYWV,100
ABEYX,100
ABEYXV,100
ABEYXW,100
ABEYXWV,100
ABEZ,100
ABEZV,100
ABEZW,100
ABEZWV,100
ABEZX,100
ABEZXV,100
ABEZXW,100
ABEZXWV,100
ABEZY,100
ABEZYV,100
ABEZYW,100
ABEZYWV,100
ABEZYX,100
ABEZYXV,100
ABEZYXW,100
ABEZYXWV,100
ABF,100
ABFG,100
ABFGV,100
ABFGW,100
ABFGWV,100
ABFGX,100
ABFGXV,100
ABFGXW,100
ABFGXWV,100
ABFGY,100
ABFGYV,100
ABFGYW,100
ABFGYWV,100
ABFGYX,100
ABFGYXV,100
ABFGYXW,100
ABFGYXWV,100
ABFGZ,100
ABFGZV,100
ABFGZW,100
ABFGZWV,100
ABFGZX,100
ABFGZXV,100
ABFGZXW,100
ABFGZXWV,100
ABFGZY,100
ABFGZYV,100
ABFGZYW,100
ABFGZYWV,100
ABFGZYX,100
ABFGZYXV,100
ABFGZYXW,100
ABFGZYXWV,100
ABFV,100
ABFW,100
ABFWV,100
ABFX,100
ABFXV,100
ABFXW,100
ABFXWV,100
ABFY,100
ABFYV,100
ABFYW,100
ABFYWV,100
ABFYX,100
ABFYXV,100
ABFYXW,100
ABFYXWV,100
ABFZ,100
ABFZV,100
ABFZW,100
ABFZWV,100
ABFZX,100
ABFZXV,100
ABFZXW,100
ABFZXWV,100
ABFZY,100
ABFZYV,100
ABFZYW,100
ABFZYWV,100
ABFZYX,100
ABFZYXV,100
ABFZYXW,100
ABFZYXWV,100
ABG,100
ABGV,100
ABGW,100
ABGWV,100
ABGX,100
ABGXV,100
ABGXW,100
ABGXWV,100
ABGY,100
ABGYV,100
ABGYW,100
ABGYWV,100
ABGYX,100
ABGYXV,100
ABGYXW,100
ABGYXWV,100
ABGZ,100
ABGZV,100
ABGZW,100
ABGZWV,100
ABGZX,100
ABGZXV,100
ABGZXW,100
ABGZXWV,100
ABGZY,100
ABGZYV,100
ABGZYW,100
ABGZYWV,100
ABGZYX,100
ABGZYXV,100
ABGZYXW,100
ABGZYXWV,100
ABV,100
ABW,100
ABWV,100
ABX,100
ABXV,100
ABXW,100
ABXWV,100
ABY,100
ABYV,100
ABYW,100
ABYWV,100
ABYX,100
ABYXV,100
ABYXW,100
ABYXWV,100
ABZ,100
ABZV,100
ABZW,100
ABZWV,100
ABZX,100
ABZXV,100
ABZXW,100
ABZXWV,100
ABZY,100
ABZYV,100
ABZYW,100
ABZYWV,100
ABZYX,100
ABZYXV,100
ABZYXW,100
ABZYXWV,100
B,100
BC,100
BCD,100
BCDE,100
BCDEF,100
BCDEFG,100
BCDEFGV,100
BCDEFGW,100
BCDEFGWV,100
BCDEFGX,100
BCDEFGXV,100
BCDEFGXW,100
BCDEFGXWV,100
BCDEFGY,100
BCDEFGYV,100
BCDEFGYW,100
BCDEFGYWV,100
BCDEFGYX,100
BCDEFGYXV,100
BCDEFGYXW,100
BCDEFGYXWV,100
BCDEFGZ,100
BCDEFGZV,100
BCDEFGZW,100
BCDEFGZWV,100
BCDEFGZX,100
BCDEFGZXV,100
BCDEFGZXW,100
BCDEFGZXWV,100
BCDEFGZY,100
BCDEFGZYV,100
BCDEFGZYW,100
BCDEFGZYWV,100
BCDEFGZYX,100
BCDEFGZYXV,100
BCDEFGZYXW,100
BCDEFGZYXWV,100
BCDEFV,100
BCDEFW,100
BCDEFWV,100
BCDEFX,100
BCDEFXV,100
BCDEFXW,100
BCDEFXWV,100
BCDEFY,100
BCDEFYV,100
BCDEFYW,100
BCDEFYWV,100
BCDEFYX,100
BCDEFYXV,100
BCDEFYXW,100
BCDEFYXWV,100
BCDEFZ,100
BCDEFZV,100
BCDEFZW,100
BCDEFZWV,100
BCDEFZX,100
BCDEFZXV,100
BCDEFZXW,100
BCDEFZXWV,100
BCDEFZY,100
BCDEFZYV,100
BCDEFZYW,100
BCDEFZYWV,100
BCDEFZYX,100
BCDEFZYXV,100
BCDEFZYXW,100
BCDEFZYXWV,100
BCDEG,100
BCDEGV,100
BCDEGW,100
BCDEGWV,100
BCDEGX,100
BCDEGXV,100
BCDEGXW,100
BCDEGXWV,100
BCDEGY,100
BCDEGYV,100
BCDEGYW,100
BCDEGYWV,100
BCDEGYX,100
BCDEGYXV,100
BCDEGYXW,100
BCDEGYXWV,100
BCDEGZ,100
BCDEGZV,100
BCDEGZW,100
BCDEGZWV,100
BCDEGZX,100
BCDEGZXV,100
BCDEGZXW,100
BCDEGZXWV,100
BCDEGZY,100
BCDEGZYV,100
BCDEGZYW,100
BCDEGZYWV,100
BCDEGZYX,100
BCDEGZYXV,100
BCDEGZYXW,100
BCDEGZYXWV,100
BCDEV,100
BCDEW,100
BCDEWV,100
BCDEX,100
BCDEXV,100
BCDEXW,100
BCDEXWV,100
BCDEY,100
BCDEYV,100
BCDEYW,100
BCDEYWV,100
BCDEYX,100
BCDEYXV,100
BCDEYXW,100
BCDEYXWV,100
BCDEZ,100
BCDEZV,100
BCDEZW,100
BCDEZWV,100
BCDEZX,100
BCDEZXV,100
BCDEZXW,100
BCDEZXWV,100
BCDEZY,100
BCDEZYV,100
BCDEZYW,100
BCDEZYWV,100
BCDEZYX,100
BCDEZYXV,100
BCDEZYXW,100
BCDEZYXWV,100
BCDF,100
BCDFG,100
BCDFGV,100
BCDFGW,100
BCDFGWV,100
BCDFGX,100
BCDFGXV,100
BCDFGXW,100
BCDFGXWV,100
BCDFGY,100
BCDFGYV,100
BCDFGYW,100
BCDFGYWV,100
BCDFGYX,100
BCDFGYXV,100
BCDFGYXW,100
BCDFGYXWV,100
BCDFGZ,100
BCDFGZV,100
BCDFGZW,100
BCDFGZWV,100
BCDFGZX,100
BCDFGZXV,100
BCDFGZXW,100
BCDFGZXWV,100
BCDFGZY,100
BCDFGZYV,100
BCDFGZYW,100
BCDFGZYWV,100
BCDFGZYX,100
BCDFGZYXV,100
BCDFGZYXW,100
BCDFGZYXWV,100
BCDFV,100
BCDFW,100
BCDFWV,100
BCDFX,100
BCDFXV,100
BCDFXW,100
BCDFXWV,100
BCDFY,100
BCDFYV,100
BCDFYW,100
BCDFYWV,100
BCDFYX,100
BCDFYXV,100
BCDFYXW,100
BCDFYXWV,100
BCDFZ,100
BCDFZV,100
BCDFZW,100
BCDFZWV,100
BCDFZX,100
BCDFZXV,100
BCDFZXW,100
BCDFZXWV,100
BCDFZY,100
BCDFZYV,100
BCDFZYW,100
BCDFZYWV,100
BCDFZYX,100
BCDFZYXV,100
BCDFZYXW,100
BCDFZYXWV,100
BCDG,100
BCDGV,100
BCDGW,100
BCDGWV,100
BCDGX,100
BCDGXV,100
BCDGXW,100
BCDGXWV,100
BCDGY,100
BCDGYV,100
BCDGYW,100
BCDGYWV,100
BCDGYX,100
BCDGYXV,100
BCDGYXW,100
BCDGYXWV,100
BCDGZ,100
BCDGZV,100
BCDGZW,100
BCDGZWV,100
BCDGZX,100
BCDGZXV,100
BCDGZXW,100
BCDGZXWV,100
BCDGZY,100
BCDGZYV,100
BCDGZYW,100
BCDGZYWV,100
BCDGZYX,100
BCDGZYXV,100
BCDGZYXW,100
BCDGZYXWV,100
BCDV,100
BCDW,100
BCDWV,100
BCDX,100
BCDXV,100
BCDXW,100
BCDXWV,100
BCDY,100
BCDYV,100
BCDYW,100
BCDYWV,100
BCDYX,100
BCDYXV,100
BCDYXW,100
BCDYXWV,100
BCDZ,100
BCDZV,100
BCDZW,100
BCDZWV,100
BCDZX,100
BCDZXV,100
BCDZXW,100
BCDZXWV,100
BCDZY,100
BCDZYV,100
BCDZYW,100
BCDZYWV,100
BCDZYX,100
BCDZYXV,100
BCDZYXW,100
BCDZYXWV,100
BCE,100
BCEF,100
BCEFG,100
BCEFGV,100
BCEFGW,100
BCEFGWV,100
BCEFGX,100
BCEFGXV,100
BCEFGXW,100
BCEFGXWV,100
BCEFGY,100
BCEFGYV,100
BCEFGYW,100
BCEFGYWV,100
BCEFGYX,100
BCEFGYXV,100
BCEFGYXW,100
BCEFGYXWV,100
BCEFGZ,100
BCEFGZV,100
BCEFGZW,100
BCEFGZWV,100
BCEFGZX,100
BCEFGZXV,100
BCEFGZXW,100
BCEFGZXWV,100
BCEFGZY,100
BCEFGZYV,100
BCEFGZYW,100
BCEFGZYWV,100
BCEFGZYX,100
BCEFGZYXV,100
BCEFGZYXW,100
BCEFGZYXWV,100
BCEFV,100
BCEFW,100
BCEFWV,100
BCEFX,100
BCEFXV,100
BCEFXW,100
BCEFXWV,100
BCEFY,100
BCEFYV,100
BCEFYW,100
BCEFYWV,100
BCEFYX,100
BCEFYXV,100
BCEFYXW,100
BCEFYXWV,100
BCEFZ,100
BCEFZV,100
BCEFZW,100
BCEFZWV,100
BCEFZX,100
BCEFZXV,100
BCEFZXW,100
BCEFZXWV,100
BCEFZY,100
BCEFZYV,100
BCEFZYW,100
BCEFZYWV,100
BCEFZYX,100
BCEFZYXV,100
BCEFZYXW,100
BCEFZYXWV,100
BCEG,100
BCEGV,100
BCEGW,100
BCEGWV,100
BCEGX,100
BCEGXV,100
BCEGXW,100
BCEGXWV,100
BCEGY,100
BCEGYV,100
BCEGYW,100
BCEGYWV,100
BCEGYX,100
BCEGYXV,100
BCEGYXW,100
BCEGYXWV,100
BCEGZ,100
BCEGZV,100
BCEGZW,100
BCEGZWV,100
BCEGZX,100
BCEGZXV,100
BCEGZXW,100
BCEGZXWV,100
BCEGZY,100
BCEGZYV,100
BCEGZYW,100
BCEGZYWV,100
BCEGZYX,100
BCEGZYXV,100
BCEGZYXW,100
BCEGZYXWV,100
BCEV,100
BCEW,100
BCEWV,100
BCEX,100
BCEXV,100
BCEXW,100
BCEXWV,100
BCEY,100
BCEYV,100
BCEYW,100
BCEYWV,100
BCEYX,100
BCEYXV,100
BCEYXW,100
BCEYXWV,100
BCEZ,100
BCEZV,100
BCEZW,100
BCEZWV,100
BCEZX,100
BCEZXV,100
BCEZXW,100
BCEZXWV,100
BCEZY,100
BCEZYV,100
BCEZYW,100
BCEZYWV,100
BCEZYX,100
BCEZYXV,100
BCEZYXW,100
BCEZYXWV,100
BCF,100
BCFG,100
BCFGV,100
BCFGW,100
BCFGWV,100
BCFGX,100
BCFGXV,100
BCFGXW,100
BCFGXWV,100
BCFGY,100
BCFGYV,100
BCFGYW,100
BCFGYWV,100
BCFGYX,100
BCFGYXV,100
BCFGYXW,100
BCFGYXWV,100
BCFGZ,100
BCFGZV,100
BCFGZW,100
BCFGZWV,100
BCFGZX,100
BCFGZXV,100
BCFGZXW,100
BCFGZXWV,100
BCFGZY,100
BCFGZYV,100
BCFGZYW,100
BCFGZYWV,100
BCFGZYX,100
BCFGZYXV,100
BCFGZYXW,100
BCFGZYXWV,100
BCFV,100
BCFW,100
BCFWV,100
BCFX,100
BCFXV,100
BCFXW,100
BCFXWV,100
BCFY,100
BCFYV,100
BCFYW,100
BCFYWV,100
BCFYX,100
BCFYXV,100
BCFYXW,100
BCFYXWV,100
BCFZ,100
BCFZV,100
BCFZW,100
BCFZWV,100
BCFZX,100
BCFZXV,100
BCFZXW,100
BCFZXWV,100
BCFZY,100
BCFZYV,100
BCFZYW,100
BCFZYWV,100
BCFZYX,100
BCFZYXV,100
BCFZYXW,100
BCFZYXWV,100
BCG,100
BCGV,100
BCGW,100
BCGWV,100
BCGX,100
BCGXV,100
BCGXW,100
BCGXWV,100
BCGY,100
BCGYV,100
BCGYW,100
BCGYWV,100
BCGYX,100
BCGYXV,100
BCGYXW,100
BCGYXWV,100
BCGZ,100
BCGZV,100
BCGZW,100
BCGZWV,100
BCGZX,100
BCGZXV,100
BCGZXW,100
BCGZXWV,100
BCGZY,100
BCGZYV,100
BCGZYW,100
BCGZYWV,100
BCGZYX,100
BCGZYXV,100
BCGZYXW,100
BCGZYXWV,100
BCV,100
BCW,100
BCWV,100
BCX,100
BCXV,100
BCXW,100
BCXWV,100
BCY,100
BCYV,100
BCYW,100
BCYWV,100
BCYX,100
BCYXV,100
BCYXW,100
BCYXWV,100
BCZ,100
BCZV,100
BCZW,100
BCZWV,100
BCZX,100
BCZXV,100
BCZXW,100
BCZXWV,100
BCZY,100
BCZYV,100
BCZYW,100
BCZYWV,100
BCZYX,100
BCZYXV,100
BCZYXW,100
BCZYXWV,100
BD,100
BDE,100
BDEF,100
BDEFG,100
BDEFGV,100
BDEFGW,100
BDEFGWV,100
BDEFGX,100
BDEFGXV,100
BDEFGXW,100
BDEFGXWV,100
BDEFGY,100
BDEFGYV,100
BDEFGYW,100
BDEFGYWV,100
BDEFGYX,100
BDEFGYXV,100
BDEFGYXW,100
BDEFGYXWV,100
BDEFGZ,100
BDEFGZV,100
BDEFGZW,100
BDEFGZWV,100
BDEFGZX,100
BDEFGZXV,100
BDEFGZXW,100
BDEFGZXWV,100
BDEFGZY,100
BDEFGZYV,100
BDEFGZYW,100
BDEFGZYWV,100
BDEFGZYX,100
BDEFGZYXV,100
BDEFGZYXW,100
BDEFGZYXWV,100
BDEFV,100
BDEFW,100
BDEFWV,100
BDEFX,100
BDEFXV,100
BDEFXW,100
BDEFXWV,100
BDEFY,100
BDEFYV,100
BDEFYW,100
BDEFYWV,100
BDEFYX,100
BDEFYXV,100
BDEFYXW,100
BDEFYXWV,100
BDEFZ,100
BDEFZV,100
BDEFZW,100
BDEFZWV,100
BDEFZX,100
BDEFZXV,100
BDEFZXW,100
BDEFZXWV,100
BDEFZY,100
BDEFZYV,100
BDEFZYW,100
BDEFZYWV,100
BDEFZYX,100
BDEFZYXV,100
BDEFZYXW,100
BDEFZYXWV,100
BDEG,100
BDEGV,100
BDEGW,100
BDEGWV,100
BDEGX,100
BDEGXV,100
BDEGXW,100
BDEGXWV,100
BDEGY,100
BDEGYV,100
BDEGYW,100
BDEGYWV,100
BDEGYX,100
BDEGYXV,100
BDEGYXW,100
BDEGYXWV,100
BDEGZ,100
BDEGZV,100
BDEGZW,100
BDEGZWV,100
BDEGZX,100
BDEGZXV,100
BDEGZXW,100
BDEGZXWV,100
BDEGZY,100
BDEGZYV,100
BDEGZYW,100
BDEGZYWV,100
BDEGZYX,100
BDEGZYXV,100
BDEGZYXW,100
BDEGZYXWV,100
BDEV,100
BDEW,100
BDEWV,100
BDEX,100
BDEXV,100
BDEXW,100
BDEXWV,100
BDEY,100
BDEYV,100
BDEYW,100
BDEYWV,100
BDEYX,100
BDEYXV,100
BDEYXW,100
BDEYXWV,100
BDEZ,100
BDEZV,100
BDEZW,100
BDEZWV,100
BDEZX,100
BDEZXV,100
BDEZXW,100
BDEZXWV,100
BDEZY,100
BDEZYV,100
BDEZYW,100
BDEZYWV,100
BDEZYX,100
BDEZYXV,100
BDEZYXW,100
BDEZYXWV,100
BDF,100
BDFG,100
BDFGV,100
BDFGW,100
BDFGWV,100
BDFGX,100
BDFGXV,100
BDFGXW,100
BDFGXWV,100
BDFGY,100
BDFGYV,100
BDFGYW,100
BDFGYWV,100
BDFGYX,100
BDFGYXV,100
BDFGYXW,100
BDFGYXWV,100
BDFGZ,100
BDFGZV,100
BDFGZW,100
BDFGZWV,100
BDFGZX,100
BDFGZXV,100
BDFGZXW,100
BDFGZXWV,100
BDFGZY,100
BDFGZYV,100
BDFGZYW,100
BDFGZYWV,100
BDFGZYX,100
BDFGZYXV,100
BDFGZYXW,100
BDFGZYXWV,100
BDFV,100
BDFW,100
BDFWV,100
BDFX,100
BDFXV,100
BDFXW,100
BDFXWV,100
BDFY,100
BDFYV,100
BDFYW,100
BDFYWV,100
BDFYX,100
BDFYXV,100
BDFYXW,100
BDFYXWV,100
BDFZ,100
BDFZV,100
BDFZW,100
BDFZWV,100
BDFZX,100
BDFZXV,100
BDFZXW,100
BDFZXWV,100
BDFZY,100
BDFZYV,100
BDFZYW,100
BDFZYWV,100
BDFZYX,100
BDFZYXV,100
BDFZYXW,100
BDFZYXWV,100
BDG,100
BDGV,100
BDGW,100
BDGWV,100
BDGX,100
BDGXV,100
BDGXW,100
BDGXWV,100
BDGY,100
BDGYV,100
BDGYW,100
BDGYWV,100
BDGYX,100
BDGYXV,100
BDGYXW,100
BDGYXWV,100
BDGZ,100
BDGZV,100
BDGZW,100
BDGZWV,100
BDGZX,100
BDGZXV,100
BDGZXW,100
BDGZXWV,100
BDGZY,100
BDGZYV,100
BDGZYW,100
BDGZYWV,100
BDGZYX,100
BDGZYXV,100
BDGZYXW,100
BDGZYXWV,100
BDV,100
BDW,100
BDWV,100
BDX,100
BDXV,100
BDXW,100
BDXWV,100
BDY,100
BDYV,100
BDYW,100
BDYWV,100
BDYX,100
BDYXV,100
BDYXW,100
BDYXWV,100
BDZ,100
BDZV,100
BDZW,100
BDZWV,100
BDZX,100
BDZXV,100
BDZXW,100
BDZXWV,100
BDZY,100
BDZYV,100
BDZYW,100
BDZYWV,100
BDZYX,100
BDZYXV,100
BDZYXW,100
BDZYXWV,100
BE,100
BEF,100
BEFG,100
BEFGV,100
BEFGW,100
BEFGWV,100
BEFGX,100
BEFGXV,100
BEFGXW,100
BEFGXWV,100
BEFGY,100
BEFGYV,100
BEFGYW,100
BEFGYWV,100
BEFGYX,100
BEFGYXV,100
BEFGYXW,100
BEFGYXWV,100
BEFGZ,100
BEFGZV,100
BEFGZW,100
BEFGZWV,100
BEFGZX,100
BEFGZXV,100
BEFGZXW,100
BEFGZXWV,100
BEFGZY,100
BEFGZYV,100
BEFGZYW,100
BEFGZYWV,100
BEFGZYX,100
BEFGZYXV,100
BEFGZYXW,100
BEFGZYXWV,100
BEFV,100
BEFW,100
BEFWV,100
BEFX,100
BEFXV,100
BEFXW,100
BEFXWV,100
BEFY,100
BEFYV,100
BEFYW,100
BEFYWV,100
BEFYX,100
BEFYXV,100
BEFYXW,100
BEFYXWV,100
BEFZ,100
BEFZV,100
BEFZW,100
BEFZWV,100
BEFZX,100
BEFZXV,100
BEFZXW,100
BEFZXWV,100
BEFZY,100
BEFZYV,100
BEFZYW,100
BEFZYWV,100
BEFZYX,100
BEFZYXV,100
BEFZYXW,100
BEFZYXWV,100
BEG,100
BEGV,100
BEGW,100
BEGWV,100
BEGX,100
BEGXV,100
BEGXW,100
BEGXWV,100
BEGY,100
BEGYV,100
BEGYW,100
BEGYWV,100
BEGYX,100
BEGYXV,100
BEGYXW,100
BEGYXWV,100
BEGZ,100
BEGZV,100
BEGZW,100
BEGZWV,100
BEGZX,100
BEGZXV,100
BEGZXW,100
BEGZXWV,100
BEGZY,100
BEGZYV,100
BEGZYW,100
BEGZYWV,100
BEGZYX,100
BEGZYXV,100
BEGZYXW,100
BEGZYXWV,100
BEV,100
BEW,100
BEWV,100
BEX,100
BEXV,100
BEXW,100
BEXWV,100
BEY,100
BEYV,100
BEYW,100
BEYWV,100
BEYX,100
BEYXV,100
BEYXW,100
BEYXWV,100
BEZ,100
BEZV,100
BEZW,100
BEZWV,100
BEZX,100
BEZXV,100
BEZXW,100
BEZXWV,100
BEZY,100
BEZYV,100
BEZYW,100
BEZYWV,100
BEZYX,100
BEZYXV,100
BEZYXW,100
BEZYXWV,100
BF,100
BFG,100
BFGV,100
BFGW,100
BFGWV,100
BFGX,100
BFGXV,100
BFGXW,100
BFGXWV,100
BFGY,100
BFGYV,100
BFGYW,100
BFGYWV,100
BFGYX,100
BFGYXV,100
BFGYXW,100
BFGYXWV,100
BFGZ,100
BFGZV,100
BFGZW,100
BFGZWV,100
BFGZX,100
BFGZXV,100
BFGZXW,100
BFGZXWV,100
BFGZY,100
BFGZYV,100
BFGZYW,100
BFGZYWV,100
BFGZYX,100
BFGZYXV,100
BFGZYXW,100
BFGZYXWV,100
BFV,100
BFW,100
BFWV,100
BFX,100
BFXV,100
BFXW,100
BFXWV,100
BFY,100
BFYV,100
BFYW,100
BFYWV,100
BFYX,100
BFYXV,100
BFYXW,100
BFYXWV,100
BFZ,100
BFZV,100
BFZW,100
BFZWV,100
BFZX,100
BFZXV,100
BFZXW,100
BFZXWV,100
BFZY,100
BFZYV,100
BFZYW,100
BFZYWV,100
BFZYX,100
BFZYXV,100
BFZYXW,100
BFZYXWV,100
BG,100
BGV,100
BGW,100
BGWV,100
BGX,100
BGXV,100
BGXW,100
BGXWV,100
BGY,100
BGYV,100
BGYW,100
BGYWV,100
BGYX,100
BGYXV,100
BGYXW,100
BGYXWV,100
BGZ,100
BGZV,100
BGZW,100
BGZWV,100
BGZX,100
BGZXV,100
BGZXW,100
BGZXWV,100
BGZY,100
BGZYV,100
BGZYW,100
BGZYWV,100
BGZYX,100
BGZYXV,100
BGZYXW,100
BGZYXWV,100
BV,100
BW,100
BWV,100
BX,100
BXV,100
BXW,100
BXWV,100
BY,100
BYV,100
BYW,100
BYWV,100
BYX,100
BYXV,100
BYXW,100
BYXWV,100
BZ,100
BZV,100
BZW,100
BZWV,100
BZX,100
BZXV,100
BZXW,100
BZXWV,100
BZY,100
BZYV,100
BZYW,100
BZYWV,100
BZYX,100
BZYXV,100
BZYXW,100
BZYXWV,100
